Restoran Adı,Adres,Telefon,E-posta,Web Sitesi,Link
Selcuk pidecisi,"Atatürk, Cengiz Topel Cd. No:29, 35920 Selçuk/İzmir",,"8c4075d5481d476e945486754f783364@sentry.io, 605a7baede844d278b89dc95ae0a9123@sentry-next.wixpress.com, selcukpidecisi@gmail.com, 8eb368c655b84e029ed79ad7a5c1718e@sentry.wixpress.com",https://www.google.com/url?q=http://www.selcukpidecisi.com/&opi=79508299&sa=U&ved=0ahUKEwjQuNPRyoaMAxUBOHoKHQdNEX0Q61gIGSgQ&usg=AOvVaw0S660iXMclzp2msuzTDw1y,https://www.google.com/maps/place/Selcuk+pidecisi/data=!4m7!3m6!1s0x14b94df9efad253d:0x3fe66ee021c436b0!8m2!3d37.95061!4d27.3705491!16s%2Fg%2F11fnwwrvqc!19sChIJPSWt7_lNuRQRsDbEIeBu5j8?authuser=0&hl=tr&rclk=1
Mekan Efes Restaurant,"Atatürk, 1055. Sk. No:4, 35920 Selçuk/İzmir",0505 896 25 82,No Website,N/A,https://www.google.com/maps/place/Mekan+Efes+Restaurant/data=!4m7!3m6!1s0x14b94d65e33222ef:0x912982cee43288ff!8m2!3d37.95129!4d27.365792!16s%2Fg%2F11sbx3qt2z!19sChIJ7yIy42VNuRQR_4gy5M6CKZE?authuser=0&hl=tr&rclk=1
Nur restaurant,"Atatürk, Cengiz Topel Cd. 9/D, 35920 Selçuk/İzmir",0541 710 20 06,No Website,N/A,https://www.google.com/maps/place/Nur+restaurant/data=!4m7!3m6!1s0x14b94d506e576d7d:0x900d662c89ba1b!8m2!3d37.9503332!4d27.3719897!16s%2Fg%2F1tfswclf!19sChIJfW1XblBNuRQRG7qJLGYNkAA?authuser=0&hl=tr&rclk=1
Agora Restaurant,"Atatürk Atatürk Cad./agora Çarşısı, 35920 Selçuk/İzmir",(0232) 892 30 53,info@agorarest.com,https://www.google.com/url?q=http://www.agorarest.com/&opi=79508299&sa=U&ved=0ahUKEwjqmPzYyoaMAxW-BNsEHcQaCQAQ61gIEygO&usg=AOvVaw0I1Zqma63QIEm91_Z8hhyP,https://www.google.com/maps/place/Agora+Restaurant/data=!4m7!3m6!1s0x14b94d50f727f857:0xc34e80e278125463!8m2!3d37.9482176!4d27.3679726!16s%2Fg%2F1tfy4_x8!19sChIJV_gn91BNuRQRY1QSeOKATsM?authuser=0&hl=tr&rclk=1
Ejder Restaurant,"Atatürk, Cengiz Topel Cd. 9 E, 35920 Selçuk/İzmir",0542 892 32 96,No Website,N/A,https://www.google.com/maps/place/Ejder+Restaurant/data=!4m7!3m6!1s0x14b94d506cef3847:0xa132aecdf43b79cd!8m2!3d37.950346!4d27.371812!16s%2Fg%2F1v2gb1m6!19sChIJRzjvbFBNuRQRzXk79M2uMqE?authuser=0&hl=tr&rclk=1
Seçkin Ciğerci mecit gazi,"C35920, Atatürk, 1006. Sk. No:3, 35920 Selçuk/İzmir",(0232) 892 35 46,No Email Found,https://www.google.com/url?q=https://www.instagram.com/seckincigerci%3Figsh%3DMTMzZm4wZ3ZheWxuOQ%253D%253D%26utm_source%3Dqr&opi=79508299&sa=U&ved=0ahUKEwibtcPdyoaMAxXOVPEDHbDWGFwQ61gIFygS&usg=AOvVaw0Sy4kkVnuaCeHrkOUU8Kl3,https://www.google.com/maps/place/Se%C3%A7kin+Ci%C4%9Ferci+mecit+gazi/data=!4m7!3m6!1s0x14b94d51ae4e7a59:0x373a23c359a05f3b!8m2!3d37.949684!4d27.371186!16s%2Fg%2F1tg_0cx9!19sChIJWXpOrlFNuRQRO1-gWcMjOjc?authuser=0&hl=tr&rclk=1
Eski Ev Restaurant (Old House),"Atatürk, 1005. Sk. No:1/A, 35920 Selçuk/İzmir",0536 255 37 45,No Website,N/A,https://www.google.com/maps/place/Eski+Ev+Restaurant+%28Old+House%29/data=!4m7!3m6!1s0x14b94d5066c3a30b:0x8cfb8b7f314dc98!8m2!3d37.9504157!4d27.3709576!16s%2Fg%2F11hzxj91y4!19sChIJC6PDZlBNuRQRmNwU87e4zwg?authuser=0&hl=tr&rclk=1
Tat Cafe Restaurant,"Atatürk, Cengiz Topel Cd. 19 B, 35920 Selçuk/İzmir",0535 869 07 13,No Website,N/A,https://www.google.com/maps/place/Tat+Cafe+Restaurant/data=!4m7!3m6!1s0x14b94d50640d2289:0xd0fd6d75c4fe1bbc!8m2!3d37.9505556!4d27.3708333!16s%2Fg%2F1tgl6jpv!19sChIJiSINZFBNuRQRvBv-xHVt_dA?authuser=0&hl=tr&rclk=1
Ali Baba & Mehmet Kebab House,"Atatürk, 1047. Sk. no: 4, 35920 Selçuk/İzmir",(0232) 892 38 72,No Email Found,https://www.google.com/url?q=http://www.kebabhouseselcuk.com/&opi=79508299&sa=U&ved=0ahUKEwiBnLDkyoaMAxVURPEDHX_vCdYQ61gIGigQ&usg=AOvVaw1LVJw4PfnrSvayqI76EaNH,https://www.google.com/maps/place/Ali+Baba+%26+Mehmet+Kebab+House/data=!4m7!3m6!1s0x14b94d512e8935cb:0x8701a854dd8d8a22!8m2!3d37.9492335!4d27.3680786!16s%2Fg%2F1tn8hnv0!19sChIJyzWJLlFNuRQRIoqN3VSoAYc?authuser=0&hl=tr&rclk=1
Ayasoluk Restaurant,"Atatürk, 1051. Sk. No:12, 35920 Selçuk/İzmir",(0232) 892 33 34,No Website,N/A,https://www.google.com/maps/place/Ayasoluk+Restaurant/data=!4m7!3m6!1s0x14b94d50d29d87cb:0xf8c0b366bc7478ec!8m2!3d37.9502128!4d27.3675401!16s%2Fg%2F11c5s6hp7f!19sChIJy4ed0lBNuRQR7Hh0vGazwPg?authuser=0&hl=tr&rclk=1
Petek Çöp Şiş,"Kuşadası Yol Kavşağı, Atatürk, Atatürk Cd., 35920 Selçuk/İzmir",(0232) 892 40 77,No Email Found,https://www.google.com/url?q=http://www.petekcopsis.com.tr/&opi=79508299&sa=U&ved=0ahUKEwid_4zpyoaMAxVfcfEDHd1uLHAQ61gIGygS&usg=AOvVaw2suOUCq8M8CP8DWPPPkjia,https://www.google.com/maps/place/Petek+%C3%87%C3%B6p+%C5%9Ei%C5%9F/data=!4m7!3m6!1s0x14b94d51388596c3:0xdd8cbc5a6c5513be!8m2!3d37.948314!4d27.368436!16s%2Fg%2F11cl_k0s71!19sChIJw5aFOFFNuRQRvhNVbFq8jN0?authuser=0&hl=tr&rclk=1
ŞİŞKO SELÇUK,"Atatürk, 1013. Sk. No:3, 35920 Selçuk/İzmir",(0232) 892 10 20,No Website,N/A,https://www.google.com/maps/place/%C5%9E%C4%B0%C5%9EKO+SEL%C3%87UK/data=!4m7!3m6!1s0x14b94dc47b8c71a7:0x8a80363be677af5f!8m2!3d37.9489674!4d27.3706096!16s%2Fg%2F11h46bygqv!19sChIJp3GMe8RNuRQRX6935js2gIo?authuser=0&hl=tr&rclk=1
Selçuk Köftecisi,"Atatürk, Şahabettin Dede Blv No:10, 35920 Selçuk/İzmir",(0232) 892 66 96,No Website,N/A,https://www.google.com/maps/place/Sel%C3%A7uk+K%C3%B6ftecisi/data=!4m7!3m6!1s0x14b94d519ebd5989:0x38724ef371934f05!8m2!3d37.9474985!4d27.3707923!16s%2Fg%2F1td80wm6!19sChIJiVm9nlFNuRQRBU-TcfNOcjg?authuser=0&hl=tr&rclk=1
Ayasuluk Şehir Lokantası,"Atatürk, pazar yeri küme evleri No;23, 35920 Selçuk/İzmir",(0232) 892 62 84,No Website,N/A,https://www.google.com/maps/place/Ayasuluk+%C5%9Eehir+Lokantas%C4%B1/data=!4m7!3m6!1s0x14bea949df41d813:0x763cfe7ff09f540f!8m2!3d37.9485885!4d27.3708323!16s%2Fg%2F11v3kszrnv!19sChIJE9hB30mpvhQRD1Sf8H_-PHY?authuser=0&hl=tr&rclk=1
Kybele Gastro - Restaurant,"Profesor Anton, Antony Kallinger Cd. No:40 D:1, 35920 Selçuk/İzmir",0533 302 81 35,rezervasyon@kybelegastro.com,https://www.google.com/url?q=https://www.kybelegastro.com/&opi=79508299&sa=U&ved=0ahUKEwiEnvbxyoaMAxXFXvEDHSIcJeMQ61gIFCgQ&usg=AOvVaw0g2ZQPz7VFSPKYN_WEXHl1,https://www.google.com/maps/place/Kybele+Gastro+-+Restaurant/data=!4m7!3m6!1s0x14b94d70ed9b9569:0xf5f620e1eff7c5b7!8m2!3d37.951375!4d27.365956!16s%2Fg%2F11kk03smt7!19sChIJaZWb7XBNuRQRt8X37-Eg9vU?authuser=0&hl=tr&rclk=1
Selçuk Lokantacısı Alex'in Yeri,"Atatürk, Cengiz Topel Cd. no:31/A, 35920 Selçuk/İzmir",0537 489 31 73,No Website,N/A,https://www.google.com/maps/place/Sel%C3%A7uk+Lokantac%C4%B1s%C4%B1+Alex%27in+Yeri/data=!4m7!3m6!1s0x14b94d358f3c5add:0x9d6cff203965bcdc!8m2!3d37.9506246!4d27.3703689!16s%2Fg%2F11v69yl7_d!19sChIJ3Vo8jzVNuRQR3LxlOSD_bJ0?authuser=0&hl=tr&rclk=1
Bizim Ev Hanımeli Restoran,"Şirince, Değirmen Boğazı Sk No: 121/A, 35920 Selçuk/İzmir",0532 481 28 06,Error Accessing Site,https://www.google.com/url?q=https://bizimevhanimeli.com/&opi=79508299&sa=U&ved=0ahUKEwjCmsf2yoaMAxUBSfEDHT_VIEAQ61gIFSgQ&usg=AOvVaw2FDeklA_gtSYvZZheYX9Dx,https://www.google.com/maps/place/Bizim+Ev+Han%C4%B1meli+Restoran/data=!4m7!3m6!1s0x14b94d1bb7838377:0x807daca05e1d6274!8m2!3d37.9598678!4d27.4001998!16s%2Fg%2F1tk40b6t!19sChIJd4ODtxtNuRQRdGIdXqCsfYA?authuser=0&hl=tr&rclk=1
Pınar Pide & Çöp Şiş,"1, Atatürk, Siegburg Cd., 35920 Selçuk/İzmir",(0232) 892 99 13,No Website,N/A,https://www.google.com/maps/place/P%C4%B1nar+Pide+%26+%C3%87%C3%B6p+%C5%9Ei%C5%9F/data=!4m7!3m6!1s0x14b94d508cd6ad89:0x551b7936df8d95a2!8m2!3d37.9503781!4d27.3700953!16s%2Fg%2F11c6rwsj85!19sChIJia3WjFBNuRQRopWN3zZ5G1U?authuser=0&hl=tr&rclk=1
Tasty Kebab Restaurant,"Atatürk, Cengiz Topel Cd. 19 A, 35920 Selçuk/İzmir",0544 606 38 91,No Website,N/A,https://www.google.com/maps/place/Tasty+Kebab+Restaurant/data=!4m7!3m6!1s0x14b94d00950b7725:0x894bf284fc80a4d5!8m2!3d37.9505331!4d27.3708344!16s%2Fg%2F11wjbfp6rw!19sChIJJXcLlQBNuRQR1aSA_ITyS4k?authuser=0&hl=tr&rclk=1
Kervansaray Pide,"Atatürk, Cengiz Topel Cd. NO:11, 35920 Selçuk/İzmir",(0232) 892 79 79,No Email Found,https://www.google.com/url?q=https://www.yemekarama.com/firma/kervansaray-pide-selcuk&opi=79508299&sa=U&ved=0ahUKEwiOhLv9yoaMAxWKVfEDHbQwIAMQ61gIGCgQ&usg=AOvVaw2zZD1zJASdkMgMSeeA9-Yo,https://www.google.com/maps/place/Kervansaray+Pide/data=!4m7!3m6!1s0x14b94d1c16311e89:0xacc7d125c29e30b6!8m2!3d37.9503423!4d27.3716326!16s%2Fg%2F11vqlnp25z!19sChIJiR4xFhxNuRQRtjCewiXRx6w?authuser=0&hl=tr&rclk=1
Okumuşlar Pide Salonu,"Atatürk, Kızılay Cd. 14 F, 35920 Selçuk/İzmir",(0232) 892 01 23,No Website,N/A,https://www.google.com/maps/place/Okumu%C5%9Flar+Pide+Salonu/data=!4m7!3m6!1s0x14b94d5044536a89:0x8eddb1cf103da1af!8m2!3d37.9495464!4d27.3713908!16s%2Fg%2F11f5bxxcqp!19sChIJiWpTRFBNuRQRr6E9EM-x3Y4?authuser=0&hl=tr&rclk=1
Efes urfa antep yörükoğlu restaurant,"isabey mahallesi, Atatürk Cd. No:81/C, 35920 Selçuk/İzmir",(0232) 892 12 13,No Website,N/A,https://www.google.com/maps/place/Efes+urfa+antep+y%C3%B6r%C3%BCko%C4%9Flu+restaurant/data=!4m7!3m6!1s0x14b94d5a8c200f49:0x1fcfaa716a1196e9!8m2!3d37.9522259!4d27.3709595!16s%2Fg%2F11c6v_jyt_!19sChIJSQ8gjFpNuRQR6ZYRanGqzx8?authuser=0&hl=tr&rclk=1
Old House Rest&Cafe,"Atatürk, Cengiz Topel Cd. 17 B, 35920 Selçuk/İzmir",Telefon Yok,No Website,N/A,https://www.google.com/maps/place/Old+House+Rest%26Cafe/data=!4m7!3m6!1s0x14b94d50643567ef:0x4fb9c1bb2cafab21!8m2!3d37.9504147!4d27.370959!16s%2Fg%2F1tjx0x9h!19sChIJ72c1ZFBNuRQRIauvLLvBuU8?authuser=0&hl=tr&rclk=1
Seçkin Firuze Restaurant,"İsa Bey Mahallesi Namık Kemal Caddesi 15 /B, Atatürk, Cengiz Topel Cd. 15/B, 35920 Selçuk/İzmir",0545 523 54 07,No Website,N/A,https://www.google.com/maps/place/Se%C3%A7kin+Firuze+Restaurant/data=!4m7!3m6!1s0x14b94d506349556f:0x48db07fff2247cdf!8m2!3d37.9504527!4d27.3712081!16s%2Fg%2F1thvd788!19sChIJb1VJY1BNuRQR33wk8v8H20g?authuser=0&hl=tr&rclk=1
Villa Restaurant,"Atatürk, 1067. Sk. Mekan Villa Otel No:13, 35920 Selçuk/İzmir",(0232) 892 04 66,No Website,N/A,https://www.google.com/maps/place/Villa+Restaurant/data=!4m7!3m6!1s0x14b94d50f727f857:0xf298f3a9cc790434!8m2!3d37.9474042!4d27.366944!16s%2Fg%2F1tkkr4_4!19sChIJV_gn91BNuRQRNAR5zKnzmPI?authuser=0&hl=tr&rclk=1
SULTAN RESTAURANT,"Cumhuriyet mahallesi Atatürk bulvarı no 175 Meryem Ana kavşağı, 35920 Selçuk/İzmir",0555 761 69 60,No Website,N/A,https://www.google.com/maps/place/SULTAN+RESTAURANT/data=!4m7!3m6!1s0x14beb2a99bd6d6e7:0x993b172b48ad7eec!8m2!3d37.9375824!4d27.3638181!16s%2Fg%2F1tsq82z1!19sChIJ59bWm6myvhQR7H6tSCsXO5k?authuser=0&hl=tr&rclk=1
Şişçi Yaşar'ın Yeri,"Atatürk, Atatürk Cd. no 107, 35920 Selçuk/İzmir",Telefon Yok,No Website,N/A,https://www.google.com/maps/place/%C5%9Ei%C5%9F%C3%A7i+Ya%C5%9Far%27%C4%B1n+Yeri/data=!4m7!3m6!1s0x14b94d508d229cb3:0x35feaf560cb98743!8m2!3d37.950548!4d27.3700227!16s%2Fg%2F11b7q3n6p7!19sChIJs5wijVBNuRQRQ4e5DFav_jU?authuser=0&hl=tr&rclk=1
Şirince Oasispark Düğün &Restaurant,"Zafer, Şht. Er Yüksel Özülkü Cd., 35925 Selçuk/İzmir",0507 513 47 69,No Website,N/A,https://www.google.com/maps/place/%C5%9Eirince+Oasispark+D%C3%BC%C4%9F%C3%BCn+%26Restaurant/data=!4m7!3m6!1s0x14b94d89b418d719:0xa719256713c105b2!8m2!3d37.9535669!4d27.3753196!16s%2Fg%2F11j8l9hc8l!19sChIJGdcYtIlNuRQRsgXBE2clGac?authuser=0&hl=tr&rclk=1
Okumuş Mercan Pide Salonu,"Atatürk, Siegburg Cd. 32 A, 35920 Selçuk/İzmir",Telefon Yok,No Website,N/A,https://www.google.com/maps/place/Okumu%C5%9F+Mercan+Pide+Salonu/data=!4m7!3m6!1s0x14b94d50691bf1fd:0x8cfaa4a3ad18ec49!8m2!3d37.9502307!4d27.3714101!16s%2Fg%2F1tcz59zf!19sChIJ_fEbaVBNuRQRSewYraOk-ow?authuser=0&hl=tr&rclk=1
Gaziantep Kebap Salonu,"Atatürk, Siegburg Cd., 35920 Selçuk/İzmir",(0232) 892 83 83,No Email Found,https://www.google.com/url?q=https://instagram.com/gaziantepkebap35%3Figshid%3DZGUzMzM3NWJiOQ%3D%3D&opi=79508299&sa=U&ved=0ahUKEwiwjfOTy4aMAxULRfEDHQaiCqwQ61gIFSgQ&usg=AOvVaw17SxXcuEsPbffVxt3x_C5u,https://www.google.com/maps/place/Gaziantep+Kebap+Salonu/data=!4m7!3m6!1s0x14b94d505e73b275:0xc619f4e9f71e376d!8m2!3d37.9503168!4d27.3703229!16s%2Fg%2F1hc4zl94s!19sChIJdbJzXlBNuRQRbTce9-n0GcY?authuser=0&hl=tr&rclk=1
KOR BÜFE,"Atatürk, Kızılay Cd. No:11, 35920 Selçuk/İzmir",(0232) 892 40 41,No Website,N/A,https://www.google.com/maps/place/KOR+B%C3%9CFE/data=!4m7!3m6!1s0x14b94d6fd38d3de1:0xfa02c8fefa132385!8m2!3d37.949451!4d27.371659!16s%2Fg%2F11lzxj1rdx!19sChIJ4T2N029NuRQRhSMT-v7IAvo?authuser=0&hl=tr&rclk=1
Lokanta 24,"İsa Bey, Atatürk Cd., 35920 Selçuk/İzmir",Telefon Yok,No Website,N/A,https://www.google.com/maps/place/Lokanta+24/data=!4m7!3m6!1s0x14b94d5a861dbd31:0x5f382b7b0c0225d!8m2!3d37.9519983!4d27.3708409!16s%2Fg%2F11b7q6z1qv!19sChIJMb0dhlpNuRQRXSLAsLeC8wU?authuser=0&hl=tr&rclk=1
Artemis Köftecisi Ali Usta,"Atatürk, 1006. Sk. 4 E, 35920 Selçuk/İzmir",Telefon Yok,No Website,N/A,https://www.google.com/maps/place/Artemis+K%C3%B6ftecisi+Ali+Usta/data=!4m7!3m6!1s0x14b94d50695d2a45:0xca2ca82907e11e1f!8m2!3d37.9502798!4d27.3713343!16s%2Fg%2F11fx7w2ctw!19sChIJRSpdaVBNuRQRHx7hBymoLMo?authuser=0&hl=tr&rclk=1
Okumuşlar Pide Salonu,"İsa Bey Mahallesi, Atatürk, Cengiz Topel Cd. 11.A, 35920 Selçuk/İzmir",(0232) 892 18 68,No Website,N/A,https://www.google.com/maps/place/Okumu%C5%9Flar+Pide+Salonu/data=!4m7!3m6!1s0x14b94d507ad19239:0xe4932dafbdbb64ef!8m2!3d37.950579!4d27.3711713!16s%2Fg%2F1tf181vs!19sChIJOZLRelBNuRQR72S7va8tk-Q?authuser=0&hl=tr&rclk=1
Perestan Pide Salonu,"Atatürk, 1005. Sk. No: 16 D:C, 35920 Selçuk/İzmir",(0232) 892 20 00,Error Accessing Site,https://www.google.com/url?q=http://www.perestan.com/&opi=79508299&sa=U&ved=0ahUKEwjUqJ2fy4aMAxVnA9sEHZPTGTgQ61gIGSgQ&usg=AOvVaw3Sr4akO2XYpjRTFvRUAexy,https://www.google.com/maps/place/Perestan+Pide+Salonu/data=!4m7!3m6!1s0x14b94d9c00c2ec4f:0x3c124417ac5c5368!8m2!3d37.949485!4d27.370546!16s%2Fg%2F11ftc7n4zv!19sChIJT-zCAJxNuRQRaFNcrBdEEjw?authuser=0&hl=tr&rclk=1
Kimyon Ev Yemekleri,"Atatürk, Kubilay Cd. No:16 D:a, 35920 Selçuk/İzmir",(0232) 892 88 89,No Website,N/A,https://www.google.com/maps/place/Kimyon+Ev+Yemekleri/data=!4m7!3m6!1s0x14b94d462977c975:0xd2c9f8e07a5dc575!8m2!3d37.9453753!4d27.3689911!16s%2Fg%2F11kpjgkn_8!19sChIJdcl3KUZNuRQRdcVdeuD4ydI?authuser=0&hl=tr&rclk=1
Yedi Uyuyanlar Yavuz'un Yeri,"Atatürk Mh Atatürk Mah. Yedi Uyuyanlar Mevki, 35920",(0232) 892 46 56,No Email Found,https://www.google.com/url?q=http://www.yediuyuyanlar.com/&opi=79508299&sa=U&ved=0ahUKEwiY3teoy4aMAxX4B9sEHbp2MwAQ61gIEygO&usg=AOvVaw1bC4AcTkNFq7xqUTKM5zu0,https://www.google.com/maps/place/Yedi+Uyuyanlar+Yavuz%27un+Yeri/data=!4m7!3m6!1s0x14b94d50f727f857:0xae9a2b20b9141d6e!8m2!3d37.9436454!4d27.3552742!16s%2Fg%2F1tg83nlq!19sChIJV_gn91BNuRQRbh0UuSArmq4?authuser=0&hl=tr&rclk=1
Vitis Restaurant,"Yeni Şirince Yolu, 14 Mayıs, Zeynel Irmak Cd. No:30, 35920 Selçuk/İzmir",(0232) 892 65 55,No Email Found,https://www.google.com/url?q=http://www.vitisrestaurant.com/&opi=79508299&sa=U&ved=0ahUKEwjOg7yry4aMAxXYRfEDHdXvBLEQ61gIFigS&usg=AOvVaw1vsBNl9UBGB0_ADNk25EFw,https://www.google.com/maps/place/Vitis+Restaurant/data=!4m7!3m6!1s0x14b94d4f24d1f325:0xd4efeb554ee9eb0b!8m2!3d37.9447166!4d27.3822704!16s%2Fg%2F11h7dcmbny!19sChIJJfPRJE9NuRQRC-vpTlXr79Q?authuser=0&hl=tr&rclk=1
Amazon Bistro Cafe Bar,"Atatürk Anton, Atatürk, Antony Kallinger Cd. No:22, 35920 Selçuk/İzmir",(0232) 892 38 79,No Website,N/A,https://www.google.com/maps/place/Amazon+Bistro+Cafe+Bar/data=!4m7!3m6!1s0x14b94d56e0d7470f:0x471c2dbb06f982!8m2!3d37.9511909!4d27.3658924!16s%2Fg%2F1td3zwh1!19sChIJD0fX4FZNuRQRgvkGuy0cRwA?authuser=0&hl=tr&rclk=1
Saylo Fast food (Selçuk Tostçusu),"Atatürk, 1013. Sk. No:3 D:C, 35920 Selçuk/İzmir",0551 028 31 85,No Email Found,https://www.google.com/url?q=https://karekodrestaurantmenu.com/menu/13964&opi=79508299&sa=U&ved=0ahUKEwjmjb6wy4aMAxVtSPEDHUPjH_cQ61gIGSgQ&usg=AOvVaw0ovDofqxOhue-rKFW4M2Qd,https://www.google.com/maps/place/Saylo+Fast+food+%28Sel%C3%A7uk+Tost%C3%A7usu%29/data=!4m7!3m6!1s0x14b94d51aa06ab99:0x59979bce45cee7da!8m2!3d37.9488947!4d27.3705934!16s%2Fg%2F12h_9myjz!19sChIJmasGqlFNuRQR2ufORc6bl1k?authuser=0&hl=tr&rclk=1
Queen Bee Hotel & Cafe,"Atatürk Prof, Antony Kallinger Cd. No:24, 35920 Selçuk/İzmir",0532 707 76 96,No Website,N/A,https://www.google.com/maps/place/Queen+Bee+Hotel+%26+Cafe/data=!4m10!3m9!1s0x14b94d4b758f2195:0xe31cb3d1580c797!5m2!4m1!1i2!8m2!3d37.9497403!4d27.3659748!16s%2Fg%2F11fmbyj_ps!19sChIJlSGPdUtNuRQRl8eAFT3LMQ4?authuser=0&hl=tr&rclk=1
Sofas Restaurant,"Prof. Anton, Atatürk, Antony Kallinger Cd. No:34, 35920 Selçuk/İzmir",0533 654 85 24,No Email Found,https://www.google.com/url?q=http://instagram.com/sofasrestaurant&opi=79508299&sa=U&ved=0ahUKEwiHqfO0y4aMAxVRBdsEHeg4M3EQ61gIFigS&usg=AOvVaw1hzuyWwaKQtWkh8p2_quHM,https://www.google.com/maps/place/Sofas+Restaurant/data=!4m7!3m6!1s0x14b94d347dd50903:0x8423a085154fe761!8m2!3d37.9511053!4d27.3662495!16s%2Fg%2F11w7bt2_22!19sChIJAwnVfTRNuRQRYedPFYWgI4Q?authuser=0&hl=tr&rclk=1
Selo'nun Yeri,"Atatürk, Siegburg Cd., 35920 Selçuk/İzmir",Telefon Yok,No Website,N/A,https://www.google.com/maps/place/Selo%27nun+Yeri/data=!4m7!3m6!1s0x14b94d505d4ab1f1:0x8690b14c245eccfc!8m2!3d37.9499619!4d27.371174!16s%2Fg%2F11f1pkj0c4!19sChIJ8bFKXVBNuRQR_MxeJEyxkIY?authuser=0&hl=tr&rclk=1
Paçacı Esat Usta,"Atatürk, Kubilay Cd., 35900 Selçuk/İzmir",0535 696 45 02,No Website,N/A,https://www.google.com/maps/place/Pa%C3%A7ac%C4%B1+Esat+Usta/data=!4m7!3m6!1s0x14b94d4b513180db:0xaedddf8667f8eeb7!8m2!3d37.9447868!4d27.3692231!16s%2Fg%2F11s5dt23_8!19sChIJ24AxUUtNuRQRt-74Z4bf3a4?authuser=0&hl=tr&rclk=1
Selçuk Efes Restaurant,"Atatürk, Namık Kemal Cd. No:24, 35920 Selçuk/İzmir",0538 200 25 11,No Website,N/A,https://www.google.com/maps/place/Sel%C3%A7uk+Efes+Restaurant/data=!4m7!3m6!1s0x14b94d5071ce0903:0x1068007686c48be8!8m2!3d37.950668!4d27.3713684!16s%2Fg%2F1tr_2v46!19sChIJAwnOcVBNuRQR6IvEhnYAaBA?authuser=0&hl=tr&rclk=1
Gaziantep Çorbacısı,"İsabey, Atatürk Cd. 95/A, 35920 Selçuk/İzmir",(0232) 892 84 45,No Website,N/A,https://www.google.com/maps/place/Gaziantep+%C3%87orbac%C4%B1s%C4%B1/data=!4m7!3m6!1s0x14b94d15d9a321a9:0xa3bf45bf033fb989!8m2!3d37.9514777!4d27.3704917!16s%2Fg%2F11q97q72kh!19sChIJqSGj2RVNuRQRibk_A79Fv6M?authuser=0&hl=tr&rclk=1
Diamond Havuz & Restaurant,"Atatürk, 1027. Sk. No:12, 35920 Selçuk/İzmir",0552 207 94 11,No Website,N/A,https://www.google.com/maps/place/Diamond+Havuz+%26+Restaurant/data=!4m7!3m6!1s0x14b94d53aca150d1:0x835c648ff8e636d8!8m2!3d37.9440921!4d27.3709866!16s%2Fg%2F1v2bn86s!19sChIJ0VChrFNNuRQR2Dbm-I9kXIM?authuser=0&hl=tr&rclk=1
Ayşenin Mutfağı,"Atatürk, Atatürk Cd. No:5, 35920 Selçuk/İzmir",0536 505 27 05,No Website,N/A,https://www.google.com/maps/place/Ay%C5%9Fenin+Mutfa%C4%9F%C4%B1/data=!4m7!3m6!1s0x14b94d0059e19353:0xf6ad31053005d19e!8m2!3d37.9499404!4d27.3720412!16s%2Fg%2F11w4rj0p6c!19sChIJU5PhWQBNuRQRntEFMAUxrfY?authuser=0&hl=tr&rclk=1
Özsüt Selçuk,"Atatürk, 1023 Sokakono:1, 35920 Selçuk/İzmir",0507 007 48 09,No Email Found,https://www.google.com/url?q=http://instagram.com/ozsutselcuk&opi=79508299&sa=U&ved=0ahUKEwjIxIDEy4aMAxWIX_EDHYblKu8Q61gIGSgQ&usg=AOvVaw2eDSNSN5-TZ8apzkejIUxK,https://www.google.com/maps/place/%C3%96zs%C3%BCt+Sel%C3%A7uk/data=!4m7!3m6!1s0x14b94dfc0ed99e6f:0x9c54744e6c2bd25!8m2!3d37.947176!4d27.371659!16s%2Fg%2F11syxdg3x1!19sChIJb57ZDvxNuRQRJb3C5kRHxQk?authuser=0&hl=tr&rclk=1
Askerin Yeri Piknik Restaurant,"Ataturk mah yedi uyuyanlar mevki selcuk izmir, 35920 Selçuk/İzmir",0531 818 95 25,No Website,N/A,https://www.google.com/maps/place/Askerin+Yeri+Piknik+Restaurant/data=!4m7!3m6!1s0x14b94d50f727f857:0x5b7b88019673ed3f!8m2!3d37.9433797!4d27.3545466!16s%2Fg%2F113hyzvhc!19sChIJV_gn91BNuRQRP-1zlgGIe1s?authuser=0&hl=tr&rclk=1
.,"Atatürk, Siegburg Cd. No:6, 35920 Selçuk/İzmir",Telefon Yok,No Website,N/A,https://www.google.com/maps/place/data=!4m7!3m6!1s0x14b94d50f4a9a981:0x696c9d18353dde7f!8m2!3d37.9503614!4d27.3701184!16s%2Fg%2F11f3jwntq9!19sChIJgamp9FBNuRQRf949NRidbGk?authuser=0&hl=tr&rclk=1
Lezzet-i Şahane,"Atatürk, 1003. Sk. 5/A, 35920 Selçuk/İzmir",0532 599 94 98,No Email Found,https://www.google.com/url?q=https://www.facebook.com/muhammetali.atik.54&opi=79508299&sa=U&ved=0ahUKEwi78erKy4aMAxU2A9sEHRpRKg0Q61gIGCgQ&usg=AOvVaw0HmOPZ5Y71baJVNTnUg0jL,https://www.google.com/maps/place/Lezzet-i+%C5%9Eahane/data=!4m7!3m6!1s0x14b94dcfc903413f:0x5ce7872b55fb93eb!8m2!3d37.949968!4d27.370298!16s%2Fg%2F11q2trr78z!19sChIJP0EDyc9NuRQR65P7VSuH51w?authuser=0&hl=tr&rclk=1
CERİTHAN RESTAURANT,"Cumhuriyet mah Atatürk cad :185, 35920 Selçuk/İzmir",0544 264 31 27,No Website,N/A,https://www.google.com/maps/place/CER%C4%B0THAN+RESTAURANT/data=!4m7!3m6!1s0x14beb2aa2f47a96f:0xda95ab4d9ec9f97c!8m2!3d37.9345219!4d27.3627242!16s%2Fg%2F113h4bsbm!19sChIJb6lHL6qyvhQRfPnJnk2rldo?authuser=0&hl=tr&rclk=1
No:7 Doymatik Selçuk,"Atatürk, Lienz Cd. No:11, 35920 Selçuk/İzmir",(0232) 892 92 29,No Website,N/A,https://www.google.com/maps/place/No:7+Doymatik+Sel%C3%A7uk/data=!4m7!3m6!1s0x14b94d46265a9e43:0xbb0625c44432d360!8m2!3d37.949698!4d27.370777!16s%2Fg%2F11s78cdtfs!19sChIJQ55aJkZNuRQRYNMyRMQlBrs?authuser=0&hl=tr&rclk=1
GALA BÜFE TOST,"Atatürk, Şahabettin Dede Blv NO: 16, 35920 Selçuk/İzmir",0543 813 74 00,No Website,N/A,https://www.google.com/maps/place/GALA+B%C3%9CFE+TOST/data=!4m7!3m6!1s0x14b94d894823598f:0x6a80f21b3d24b85c!8m2!3d37.9471105!4d27.3711859!16s%2Fg%2F11tbx51_j6!19sChIJj1kjSIlNuRQRXLgkPRvygGo?authuser=0&hl=tr&rclk=1
Ercan’ın yeri Mehşür çöp-şiş Köftesi,"Atatürk, Atatürk Cd. No:162, 35920 Selçuk/İzmir",Telefon Yok,No Website,N/A,https://www.google.com/maps/place/Ercan%E2%80%99%C4%B1n+yeri+Meh%C5%9F%C3%BCr+%C3%A7%C3%B6p-%C5%9Fi%C5%9F+K%C3%B6ftesi/data=!4m7!3m6!1s0x14b94dceb82d86d1:0xb8d9683437bfbc28!8m2!3d37.9496515!4d27.3689406!16s%2Fg%2F11hyt6y7hk!19sChIJ0YYtuM5NuRQRKLy_NzRo2bg?authuser=0&hl=tr&rclk=1
Meydan Pide,"Atatürk, Cengiz Topel Cd. :3/A, 35920 Selçuk/İzmir",(0232) 892 91 91,No Website,N/A,https://www.google.com/maps/place/Meydan+Pide/data=!4m7!3m6!1s0x14b94d36edc1faad:0xb8471f3d0038f0a5!8m2!3d37.9502736!4d27.3724182!16s%2Fg%2F11w905tf98!19sChIJrfrB7TZNuRQRpfA4AD0fR7g?authuser=0&hl=tr&rclk=1
Ayasoluk Butik Otel,"Atatürk, 1051. Sk. NUMARA:12, 35920 Selçuk/İzmir",(0232) 892 33 34,"2062d0a4929b45348643784b5cb39c36@sentry.wixpress.com, info@ayasolukhotel.com, 605a7baede844d278b89dc95ae0a9123@sentry-next.wixpress.com, 8eb368c655b84e029ed79ad7a5c1718e@sentry.wixpress.com",https://www.google.com/url?q=http://www.ayasolukhotel.com/&opi=79508299&sa=U&ved=0ahUKEwiw8OfXy4aMAxXFXvEDHSIcJeMQ61gIFCgQ&usg=AOvVaw3SPX0mHRelCkGRlIr2Moka,https://www.google.com/maps/place/Ayasoluk+Butik+Otel/data=!4m10!3m9!1s0x14b94d50d2a4cbc5:0x6b9f30e2a32631ef!5m2!4m1!1i2!8m2!3d37.9502722!4d27.3675529!16s%2Fg%2F1ptxvlt81!19sChIJxcuk0lBNuRQR7zEmo-Iwn2s?authuser=0&hl=tr&rclk=1
Köşem Restoran,"Atatürk, 1006. Sk. 4 C, 35920 Selçuk/İzmir",Telefon Yok,No Website,N/A,https://www.google.com/maps/place/K%C3%B6%C5%9Fem+Restoran/data=!4m7!3m6!1s0x14b94d5069077d27:0x485e5fb0b33a59ad!8m2!3d37.950184!4d27.3714109!16s%2Fg%2F1td10kv7!19sChIJJ30HaVBNuRQRrVk6s7BfXkg?authuser=0&hl=tr&rclk=1
Gıtgıt selçuk,"Atatürk, Cengiz Topel Cd. no.33, 35920 Selçuk/İzmir",(0232) 892 20 21,No Website,N/A,https://www.google.com/maps/place/G%C4%B1tg%C4%B1t+sel%C3%A7uk/data=!4m7!3m6!1s0x14b94d2b1622930f:0xefbe6eab784eea69!8m2!3d37.9506324!4d27.3702926!16s%2Fg%2F11mbk30ntz!19sChIJD5MiFitNuRQRaepOeKtuvu8?authuser=0&hl=tr&rclk=1
Ateş Büfe,"Atatürk Mahallesi Şahabettindede Cad, Atatürk, 1020. Sk. No:7, 35920 Selçuk/İzmir",(0232) 892 30 58,No Website,N/A,https://www.google.com/maps/place/Ate%C5%9F+B%C3%BCfe/data=!4m7!3m6!1s0x14b94d5197437083:0xe299e04cc8cf426d!8m2!3d37.9473381!4d27.37125!16s%2Fg%2F11b7q72zc5!19sChIJg3BDl1FNuRQRbULPyEzgmeI?authuser=0&hl=tr&rclk=1
Ozzy Fast Food,"Atatürk, 1016. Sk. No:6, 35920 Selçuk/İzmir",(0232) 892 78 92,No Website,N/A,https://www.google.com/maps/place/Ozzy+Fast+Food/data=!4m7!3m6!1s0x14b94d10de64672b:0xf16d6929558f3cb1!8m2!3d37.9488731!4d27.3721299!16s%2Fg%2F11rxtwr0pv!19sChIJK2dk3hBNuRQRsTyPVSlpbfE?authuser=0&hl=tr&rclk=1
Selçuk Balık Pişiricisi,"Atatürk, Şahabettin Dede Blv 6/D, 35920 Selçuk/İzmir",(0232) 892 12 12,No Website,N/A,https://www.google.com/maps/place/Sel%C3%A7uk+Bal%C4%B1k+Pi%C5%9Firicisi/data=!4m7!3m6!1s0x14b94d519e1565a3:0x9bb9a20f5c1d8a39!8m2!3d37.94748!4d27.370493!16s%2Fg%2F11fxy1h6v2!19sChIJo2UVnlFNuRQROYodXA-iuZs?authuser=0&hl=tr&rclk=1
Serpme Kahvaltı KARAMEŞE RESTAURANT VE KIR DÜĞÜN SALONU,"İsa Bey, 2040. Sk. No:1, 35920 Selçuk/İzmir",0542 424 12 88,No Website,N/A,https://www.google.com/maps/place/Serpme+Kahvalt%C4%B1+KARAME%C5%9EE+RESTAURANT+VE+KIR+D%C3%9C%C4%9E%C3%9CN+SALONU/data=!4m7!3m6!1s0x14b94d577aa2c391:0x1cec02bb0901cfe9!8m2!3d37.9521119!4d27.3654092!16s%2Fg%2F11c57s4rj9!19sChIJkcOieldNuRQR6c8BCbsC7Bw?authuser=0&hl=tr&rclk=1
Galanın Yeri Gözleme,"Atatürk, 1020. Sk. No:11, 35920 Selçuk/İzmir",0543 813 74 00,No Website,N/A,https://www.google.com/maps/place/Galan%C4%B1n+Yeri+G%C3%B6zleme/data=!4m7!3m6!1s0x14b94d5199831345:0x1b8751a6e231c86a!8m2!3d37.9471909!4d27.371394!16s%2Fg%2F1tdjn479!19sChIJRRODmVFNuRQRasgx4qZRhxs?authuser=0&hl=tr&rclk=1
Köfteci Kasap Hüseyin,"Atatürk, Şahabettin Dede Blv No: 6, 35920 Selçuk/İzmir",0539 652 56 56,gokkaynakhuseyin@gmail.com,https://www.google.com/url?q=https://koftecikasaphuseyin.com/&opi=79508299&sa=U&ved=0ahUKEwjUgJLpy4aMAxXVBNsEHXGnNAgQ61gIFCgQ&usg=AOvVaw3pfzPzA8TjEsFLDGdBDgps,https://www.google.com/maps/place/K%C3%B6fteci+Kasap+H%C3%BCseyin/data=!4m7!3m6!1s0x14b94df44933edff:0xf85462134b83c9dc!8m2!3d37.94748!4d27.370493!16s%2Fg%2F11lycpv_nq!19sChIJ_-0zSfRNuRQR3MmDSxNiVPg?authuser=0&hl=tr&rclk=1
Kural döner,"Atatürk, Tahsin Başaran Cd. No:3, 35920 Selçuk/İzmir",0542 599 20 68,No Website,N/A,https://www.google.com/maps/place/Kural+d%C3%B6ner/data=!4m7!3m6!1s0x14b94d504d954069:0x6b3439406d6cb56c!8m2!3d37.94906!4d27.371324!16s%2Fg%2F11b7q6rssb!19sChIJaUCVTVBNuRQRbLVsbUA5NGs?authuser=0&hl=tr&rclk=1
Kokoreççi Ekonun Yeri,"Atatürk, Tahsin Başaran Cd., 35920 Selçuk/İzmir",Telefon Yok,No Website,N/A,https://www.google.com/maps/place/Kokore%C3%A7%C3%A7i+Ekonun+Yeri/data=!4m7!3m6!1s0x14b94d51adccfc95:0x7a71e86feebf5fc3!8m2!3d37.9486429!4d27.371021!16s%2Fg%2F11b7q102nc!19sChIJlfzMrVFNuRQRw1-_7m_ocXo?authuser=0&hl=tr&rclk=1
Kumpirimo,"Atatürk, 1014. Sk. no25/a, 35920 Selçuk/İzmir",0545 892 35 99,No Website,N/A,https://www.google.com/maps/place/Kumpirimo/data=!4m7!3m6!1s0x14b94dcd4fd85d19:0xc6184c5c44305acc!8m2!3d37.9475849!4d27.371838!16s%2Fg%2F11w984g6_3!19sChIJGV3YT81NuRQRzFowRFxMGMY?authuser=0&hl=tr&rclk=1
Carpouza Cafe,"İsa Bey, 1010. Sk. No:5, 35920 Selçuk/İzmir",(0232) 892 26 65,No Website,N/A,https://www.google.com/maps/place/Carpouza+Cafe/data=!4m7!3m6!1s0x14b94d5a9f8ce357:0x89c5ada9fe0ef0ca!8m2!3d37.951219!4d27.3718969!16s%2Fg%2F1tvrfc92!19sChIJV-OMn1pNuRQRyvAO_qmtxYk?authuser=0&hl=tr&rclk=1
Selçuk Balıkçılık,"6, Atatürk, Şahabettin Dede Blv No:6 D:8, 35920 Selçuk/İzmir",(0232) 892 46 69,No Website,N/A,https://www.google.com/maps/place/Sel%C3%A7uk+Bal%C4%B1k%C3%A7%C4%B1l%C4%B1k/data=!4m7!3m6!1s0x14b94d519ef331e1:0xd359abf5fb862ac1!8m2!3d37.9475256!4d27.3704944!16s%2Fg%2F11c0phdv0y!19sChIJ4THznlFNuRQRwSqG-_WrWdM?authuser=0&hl=tr&rclk=1
Yörükoğlu Çorba lahmacun Kebap,"İsa Bey, 35920 Selçuk/İzmir",(0232) 892 12 13,No Website,N/A,https://www.google.com/maps/place/Y%C3%B6r%C3%BCko%C4%9Flu+%C3%87orba+lahmacun+Kebap/data=!4m7!3m6!1s0x14b94d548f741e7f:0xe38d36afac695e2d!8m2!3d37.9521222!4d27.3709187!16s%2Fg%2F11g_zx9zx_!19sChIJfx50j1RNuRQRLV5prK82jeM?authuser=0&hl=tr&rclk=1
HAN The Inn Ephesus Cafe Restaurant & Hediyelik Eşya,"Müze kompleksi, Atatürk, 1066. Sk. no:6 D:3, 35920 Selçuk/İzmir",0535 070 18 80,info@efeshan.com,https://www.google.com/url?q=https://www.efeshan.com/&opi=79508299&sa=U&ved=0ahUKEwik3pn4y4aMAxVyBtsEHS6nECIQ61gIFigS&usg=AOvVaw2Le3TmI8nz3FnRy-gW0QYl,https://www.google.com/maps/place/HAN+The+Inn+Ephesus+Cafe+Restaurant+%26+Hediyelik+E%C5%9Fya/data=!4m7!3m6!1s0x14b94d890559ee97:0xaacd13d720013f75!8m2!3d37.9483951!4d27.3664885!16s%2Fg%2F11vy3_s23_!19sChIJl-5ZBYlNuRQRdT8BINcTzao?authuser=0&hl=tr&rclk=1
Karameşe Anadolu Köy Sofrası,"İsa Bey, St. Jean Cd., 35920 Selçuk/İzmir",(0232) 892 04 66,No Website,N/A,https://www.google.com/maps/place/Karame%C5%9Fe+Anadolu+K%C3%B6y+Sofras%C4%B1/data=!4m7!3m6!1s0x14b94d576ffe3d25:0xc2c54faa9d20a25c!8m2!3d37.9521137!4d27.3654109!16s%2Fg%2F11b7pyz1rv!19sChIJJT3-b1dNuRQRXKIgnapPxcI?authuser=0&hl=tr&rclk=1
Dada Burger,"Kırıtaklar Apt, Atatürk, Lienz Cd. No : 5/A, 35920 Selçuk/İzmir",0542 892 30 33,No Email Found,https://www.google.com/url?q=https://www.instagram.com/dadaburgerselcuk/&opi=79508299&sa=U&ved=0ahUKEwiUxeH8y4aMAxXLBNsEHRLGGiAQ61gIGigS&usg=AOvVaw0wr2DyzOdlkqXsj3Z6pet3,https://www.google.com/maps/place/Dada+Burger/data=!4m7!3m6!1s0x14b94d82c5549a87:0xa6047b4a06447609!8m2!3d37.9494077!4d27.3702973!16s%2Fg%2F11l5th1zn2!19sChIJh5pUxYJNuRQRCXZEBkp7BKY?authuser=0&hl=tr&rclk=1
Ciğerci Vehbi,"Atatürk, Cengiz Topel Cd. No: 9/B, 35920 Selçuk/İzmir",0506 044 19 78,Error Accessing Site,https://www.google.com/url?q=https://cigercivehbi.com/&opi=79508299&sa=U&ved=0ahUKEwjGnqX_y4aMAxXmSfEDHTyWMNEQ61gIGCgQ&usg=AOvVaw0asJIYCeyjlg0g4rbdjgEF,https://www.google.com/maps/place/Ci%C4%9Ferci+Vehbi/data=!4m7!3m6!1s0x14b94d0d980d5e9d:0x6f7ced44941d3068!8m2!3d37.950301!4d27.372047!16s%2Fg%2F11vy39nq9f!19sChIJnV4NmA1NuRQRaDAdlETtfG8?authuser=0&hl=tr&rclk=1
Zeybek fast food döner,"Atatürk, 1006. Sk. 2 C, 35920 Selçuk/İzmir",(0232) 892 17 18,No Website,N/A,https://www.google.com/maps/place/Zeybek+fast+food+d%C3%B6ner/data=!4m7!3m6!1s0x14b94d9de6f5b2dd:0x6102e7073faec86!8m2!3d37.9497455!4d27.3713454!16s%2Fg%2F11spn54nyb!19sChIJ3bL15p1NuRQRhuz6c3AuEAY?authuser=0&hl=tr&rclk=1
Selçuk Efes Döner,"Atatürk, 1016. Sk., 35920 Selçuk/İzmir",(0232) 892 88 70,No Website,N/A,https://www.google.com/maps/place/Sel%C3%A7uk+Efes+D%C3%B6ner/data=!4m7!3m6!1s0x14b94d504b8435b9:0x43358d79219da0e!8m2!3d37.9489955!4d27.3716271!16s%2Fg%2F11byclv3sh!19sChIJuTWES1BNuRQRDtoZktdYMwQ?authuser=0&hl=tr&rclk=1
Maydonoz Döner İzmir Selçuk,"Atatürk, Cengiz Topel Cd. No: 11, 35920 Selçuk/İzmir",(0232) 218 10 21,No Website,N/A,https://www.google.com/maps/place/Maydonoz+D%C3%B6ner+%C4%B0zmir+Sel%C3%A7uk/data=!4m7!3m6!1s0x14b94dd6c0cb4bc7:0xfa71d358ec68a3dc!8m2!3d37.9503423!4d27.3716326!16s%2Fg%2F11wh_jvwhb!19sChIJx0vLwNZNuRQR3KNo7FjTcfo?authuser=0&hl=tr&rclk=1
Domino's Pizza Selçuk,"İsa Bey, Atatürk Cd. No:69A, 35920 Selçuk/İzmir",(0232) 241 15 77,No Email Found,https://www.google.com/url?q=https://www.dominos.com.tr/&opi=79508299&sa=U&ved=0ahUKEwj4kNeHzIaMAxXZQ_EDHRyNGxsQ61gIGCgQ&usg=AOvVaw3BJcEV6TEIXhfytX11VUFa,https://www.google.com/maps/place/Domino%27s+Pizza+Sel%C3%A7uk/data=!4m7!3m6!1s0x14b94d2ca4c9ab61:0xea6ac3aebde7d6f3!8m2!3d37.9529256!4d27.3712878!16s%2Fg%2F11vcm75sxs!19sChIJYavJpCxNuRQR89bnva7Dauo?authuser=0&hl=tr&rclk=1
Yandım Çavuş,"Atatürk, Şahabettin Dede Blv No : 1/A, 35920 Selçuk/İzmir",0535 707 35 35,No Website,N/A,https://www.google.com/maps/place/Yand%C4%B1m+%C3%87avu%C5%9F/data=!4m7!3m6!1s0x14b94d50f727f857:0x4f0ee540c0971109!8m2!3d37.9479331!4d27.3693741!16s%2Fg%2F1tj54spm!19sChIJV_gn91BNuRQRCRGXwEDlDk8?authuser=0&hl=tr&rclk=1
Artemis kokoreç,"Atatürk, 1010. Sk., 35920 Selçuk/İzmir",0553 164 96 00,No Website,N/A,https://www.google.com/maps/place/Artemis+kokore%C3%A7/data=!4m10!3m9!1s0x14b94d501550576d:0x9558a264d1fc93f!5m2!4m1!1i2!8m2!3d37.94992!4d27.371967!16s%2Fg%2F11df251c71!19sChIJbVdQFVBNuRQRP8kfTSaKVQk?authuser=0&hl=tr&rclk=1
Tostcu ismail,"Atatürk mahallesi pazar yeri küme evleri belediye dükkanları no:16, 35920 Selçuk/İzmir",(0232) 892 17 29,No Website,N/A,https://www.google.com/maps/place/Tostcu+ismail/data=!4m7!3m6!1s0x14b94d77d8a47afb:0x6b8cf63eff19e1b5!8m2!3d37.9489364!4d27.3707951!16s%2Fg%2F11hyt71lr0!19sChIJ-3qk2HdNuRQRteEZ_z72jGs?authuser=0&hl=tr&rclk=1
Orhanbey Ciğercisi,"Atatürk Mahallesi, 1013. Sokak No :1, 35920 Selçuk/İzmir",(0232) 892 08 01,No Email Found,https://www.google.com/url?q=https://m.facebook.com/Orhanbey-Cigercisi-577416179041229/&opi=79508299&sa=U&ved=0ahUKEwia06WQzIaMAxVWSvEDHVQGOeQQ61gIEigO&usg=AOvVaw2hTeC1IqGB2LYex3n7Pjf8,https://www.google.com/maps/place/Orhanbey+Ci%C4%9Fercisi/data=!4m7!3m6!1s0x14b94d50550c2e9b:0xf531b9c3b9219d81!8m2!3d37.9491297!4d27.3705579!16s%2Fg%2F11b7q29wct!19sChIJmy4MVVBNuRQRgZ0hucO5MfU?authuser=0&hl=tr&rclk=1
Çatı Pide & Lahmacun,"Atatürk, Atatürk Cd. No: 158/A, 35920 Selçuk/İzmir",(0232) 892 14 44,No Website,N/A,https://www.google.com/maps/place/%C3%87at%C4%B1+Pide+%26+Lahmacun/data=!4m7!3m6!1s0x14b94d7372683d8d:0xe95226ba26773ea7!8m2!3d37.9581238!4d27.3719497!16s%2Fg%2F11h0jkyv36!19sChIJjT1ocnNNuRQRpz53JromUuk?authuser=0&hl=tr&rclk=1
Şükrü Baba Restaurant,"Atatürk, 1005. Sk. No:16, 35920 Selçuk/İzmir",(0232) 892 80 68,No Website,N/A,https://www.google.com/maps/place/%C5%9E%C3%BCkr%C3%BC+Baba+Restaurant/data=!4m7!3m6!1s0x14b94d50564fd24d:0x9b5bb39a0a973855!8m2!3d37.949485!4d27.370546!16s%2Fg%2F11b75p5fwq!19sChIJTdJPVlBNuRQRVTiXCpqzW5s?authuser=0&hl=tr&rclk=1
Pamukun Yeri,"Atatürk, 1004. Sk. No:5, 35920 Selçuk/İzmir",Telefon Yok,No Website,N/A,https://www.google.com/maps/place/Pamukun+Yeri/data=!4m7!3m6!1s0x14b94d50f92a6ab3:0x18461f5298f16594!8m2!3d37.9494068!4d27.3702863!16s%2Fg%2F1v7hxbyl!19sChIJs2oq-VBNuRQRlGXxmFIfRhg?authuser=0&hl=tr&rclk=1
Efes35 Fastfood,"Atatürk Mahallesi, 1006 sokak, Tahsinağa Camii Karşısı 1/A, 35920 Selçuk/İzmir",0553 302 08 39,No Website,N/A,https://www.google.com/maps/place/Efes35+Fastfood/data=!4m7!3m6!1s0x14b94d9e437e78a7:0x5a3f3ac3217effff!8m2!3d37.950845!4d27.369954!16s%2Fg%2F11vkrmwtwq!19sChIJp3h-Q55NuRQR__9-IcM6P1o?authuser=0&hl=tr&rclk=1
AYSE'S KITCHEN,"Atatürk, 1010. Sk., 35920 Selçuk/İzmir",0536 505 27 05,No Website,N/A,https://www.google.com/maps/place/AYSE%27S+KITCHEN/data=!4m7!3m6!1s0x14b94d3ed5a26d79:0x16728f31cd73d39e!8m2!3d37.949951!4d27.371976!16s%2Fg%2F11y66dvcbk!19sChIJeW2i1T5NuRQRntNzzTGPchY?authuser=0&hl=tr&rclk=1
Meşhur Köfteci Veli,"Atatürk, 1009. Sk. No:2, 35920, 35920 Selçuk/İzmir",Telefon Yok,No Website,N/A,https://www.google.com/maps/place/Me%C5%9Fhur+K%C3%B6fteci+Veli/data=!4m7!3m6!1s0x14b94daa07500711:0xd78e032866450969!8m2!3d37.9502442!4d27.371886!16s%2Fg%2F11h3tjj2kb!19sChIJEQdQB6pNuRQRaQlFZigDjtc?authuser=0&hl=tr&rclk=1
Münire Selçuk,"Atatürk, Uğur Mumcu Sevgi Yolu 12 B, 35920 Selçuk/İzmir",0553 166 59 55,"605a7baede844d278b89dc95ae0a9123@sentry-next.wixpress.com, 8eb368c655b84e029ed79ad7a5c1718e@sentry.wixpress.com",https://www.google.com/url?q=https://www.munire.com.tr/&opi=79508299&sa=U&ved=0ahUKEwiCw7mfzIaMAxWoBNsEHZuUFaAQ61gIGSgQ&usg=AOvVaw2hp6L60Jf-YZsRaNW6uwin,https://www.google.com/maps/place/M%C3%BCnire+Sel%C3%A7uk/data=!4m7!3m6!1s0x14b94dea3bb9f35d:0xffeeeed1f106b5de!8m2!3d37.9495531!4d27.3685271!16s%2Fg%2F11v0y4rfgh!19sChIJXfO5O-pNuRQR3rUG8dHu7v8?authuser=0&hl=tr&rclk=1
Tolga Çöp Şiş,"No:154Sevinç Pastanesi, İsabey Mahallesi Atatürk Caddesi, Karşısı, 35920 Selçuk/İzmir",Telefon Yok,No Website,N/A,https://www.google.com/maps/place/Tolga+%C3%87%C3%B6p+%C5%9Ei%C5%9F/data=!4m7!3m6!1s0x14b94d508407b993:0x584eccc73ffa8744!8m2!3d37.95135!4d27.370003!16s%2Fg%2F11bycklg8h!19sChIJk7kHhFBNuRQRRIf6P8fMTlg?authuser=0&hl=tr&rclk=1
Boomerang Guesthouse,"Atatürk, 1047. Sk., 35920 Selçuk/İzmir",0534 055 47 61,No Email Found,https://www.google.com/url?q=http://www.ephesusboomerangguesthouse.com/&opi=79508299&sa=U&ved=0ahUKEwi67fqjzIaMAxV_QvEDHRJBGegQ61gIFCgQ&usg=AOvVaw3dfpHCG9iQqriNWNdlt6wO,https://www.google.com/maps/place/Boomerang+Guesthouse/data=!4m10!3m9!1s0x14b94d512ec229db:0xc08cde6251fa61ce!5m2!4m1!1i2!8m2!3d37.9492379!4d27.3678693!16s%2Fg%2F1tft0kmj!19sChIJ2ynCLlFNuRQRzmH6UWLejMA?authuser=0&hl=tr&rclk=1
Dönerci Ümit,"Atatürk, Tahsin Başaran Cd. No:3, 35920 Selçuk/İzmir",0543 352 69 94,No Email Found,https://www.google.com/url?q=http://esnaf.pro/donercim&opi=79508299&sa=U&ved=0ahUKEwio5cemzIaMAxXmQ_EDHWgzHMsQ61gIGSgQ&usg=AOvVaw254RNew2Wu_Axq1TXUquyF,https://www.google.com/maps/place/D%C3%B6nerci+%C3%9Cmit/data=!4m7!3m6!1s0x14b94d586a00f23b:0xeed7f45d36f4158e!8m2!3d37.94906!4d27.371324!16s%2Fg%2F11j8zxbjg6!19sChIJO_IAalhNuRQRjhX0Nl301-4?authuser=0&hl=tr&rclk=1
Demiroğlu Baklavaları Selçuk,"Atatürk, 1013. Sk. No:3, 35920 Selçuk/İzmir",0553 418 88 46,No Website,N/A,https://www.google.com/maps/place/Demiro%C4%9Flu+Baklavalar%C4%B1+Sel%C3%A7uk/data=!4m7!3m6!1s0x14b94d50465e7c95:0x8cd2ff4832907015!8m2!3d37.9487822!4d27.3705079!16s%2Fg%2F11b7q4br__!19sChIJlXxeRlBNuRQRFXCQMkj_0ow?authuser=0&hl=tr&rclk=1
Pidehane,"Atatürk, Kubilay Cd. No:17, 35920 Selçuk/İzmir",(0232) 892 30 73,Error Accessing Site,https://www.google.com/url?q=http://www.pidehane.com.tr/&opi=79508299&sa=U&ved=0ahUKEwigxvGszIaMAxUrR_EDHWhBDHoQ61gIGCgQ&usg=AOvVaw1WpPYp2Wa6_pcdGs-xgoPj,https://www.google.com/maps/place/Pidehane/data=!4m7!3m6!1s0x14b94d53a2d21637:0x52296125a11f2f23!8m2!3d37.944533!4d27.3691767!16s%2Fg%2F12ml2ms8x!19sChIJNxbSolNNuRQRIy8foSVhKVI?authuser=0&hl=tr&rclk=1
Emir Pamuk Büfe,"Atatürk, 1004. Sk. No:1, 35920 Selçuk/İzmir",Telefon Yok,No Website,N/A,https://www.google.com/maps/place/Emir+Pamuk+B%C3%BCfe/data=!4m7!3m6!1s0x14b94d50f9cb13dd:0x85b4787b17d3e382!8m2!3d37.9495273!4d27.3703517!16s%2Fg%2F11f01vb3rx!19sChIJ3RPL-VBNuRQRguPTF3t4tIU?authuser=0&hl=tr&rclk=1
Sencan Restaurant St john,"Atatürk, Atatürk Cd. No:158/A, 35920 Selçuk/İzmir",0538 984 22 38,No Website,N/A,https://www.google.com/maps/place/Sencan+Restaurant+St+john/data=!4m7!3m6!1s0x14b94d518185f9ab:0x18f8c9e70fe78b94!8m2!3d37.9506751!4d27.3695887!16s%2Fg%2F11q9mf2ml4!19sChIJq_mFgVFNuRQRlIvnD-fJ-Bg?authuser=0&hl=tr&rclk=1
Şirince Can Restaurant,"Şirince, 202 sokak no:14, 35920 Selçuk/İzmir",0533 324 28 00,No Website,N/A,https://www.google.com/maps/place/%C5%9Eirince+Can+Restaurant/data=!4m7!3m6!1s0x14b94cc0987cbd19:0xd9d664a7b3082fd9!8m2!3d37.9422359!4d27.4321451!16s%2Fg%2F11c5hzw4lk!19sChIJGb18mMBMuRQR2S8Is6dk1tk?authuser=0&hl=tr&rclk=1
Selçuk Avcılar Ve Atıcılar Balıkçılar Kıraathanesi,"Atatürk, 1010. Sk., 35920 Selçuk/İzmir",Telefon Yok,No Website,N/A,https://www.google.com/maps/place/Sel%C3%A7uk+Avc%C4%B1lar+Ve+At%C4%B1c%C4%B1lar+Bal%C4%B1k%C3%A7%C4%B1lar+K%C4%B1raathanesi/data=!4m7!3m6!1s0x14b94d5013103d9b:0x64e6a56a8166a732!8m2!3d37.950283!4d27.372064!16s%2Fg%2F11b7q8g46q!19sChIJmz0QE1BNuRQRMqdmgWql5mQ?authuser=0&hl=tr&rclk=1
Donerci Ugur,"Atatürk, 1006. Sk. No:5, 35920 Selçuk/İzmir",(0232) 892 69 92,No Website,N/A,https://www.google.com/maps/place/Donerci+Ugur/data=!4m7!3m6!1s0x14b94d2ae45acf55:0x3b2ededb38101612!8m2!3d37.9498996!4d27.3712111!16s%2Fg%2F11fltx5mwl!19sChIJVc9a5CpNuRQREhYQONveLjs?authuser=0&hl=tr&rclk=1
Seferoğlu Baklavaları Selçuk,"Atatürk, 1013. Sk. no1/A, 35920 Selçuk/İzmir",Telefon Yok,No Website,N/A,https://www.google.com/maps/place/Sefero%C4%9Flu+Baklavalar%C4%B1+Sel%C3%A7uk/data=!4m7!3m6!1s0x14b94d2568bfea1b:0x38136f8aba32791a!8m2!3d37.9490188!4d27.3706282!16s%2Fg%2F11kpq2vn0t!19sChIJG-q_aCVNuRQRGnkyuopvEzg?authuser=0&hl=tr&rclk=1
Pizza Maximus,"Atatürk, Lienz Cd. No:5-A, 35920 Selçuk/İzmir",(0232) 892 49 45,No Email Found,https://www.google.com/url?q=http://pizzamaximus.blogspot.com.tr/&opi=79508299&sa=U&ved=0ahUKEwjeutW7zIaMAxX4B9sEHbp2MwAQ61gIFCgQ&usg=AOvVaw04_S_YWlaVKOASmCeANBw9,https://www.google.com/maps/place/Pizza+Maximus/data=!4m7!3m6!1s0x14b94d50f70995c3:0x7c9d9ef3d138edca!8m2!3d37.9498291!4d27.3702821!16s%2Fg%2F11fzvgdsz_!19sChIJw5UJ91BNuRQRyu040fOenXw?authuser=0&hl=tr&rclk=1
Pizza Tomato Selçuk,"No:8, Atatürk, Cengiz Topel Cd. PTT karşısı, 35920 Selçuk/İzmir",(0232) 892 45 45,No Website,N/A,https://www.google.com/maps/place/Pizza+Tomato+Sel%C3%A7uk/data=!4m7!3m6!1s0x14b94d6c6454cead:0x712f74b9ca91d627!8m2!3d37.9505418!4d27.3713732!16s%2Fg%2F11gr4pvs27!19sChIJrc5UZGxNuRQRJ9aRyrl0L3E?authuser=0&hl=tr&rclk=1
Roma Patisserie,"Atatürk, Kubilay Cd. 13 A, 35920 Selçuk/İzmir",Telefon Yok,No Website,N/A,https://www.google.com/maps/place/Roma+Patisserie/data=!4m7!3m6!1s0x14b94d505dee905f:0x1de59af1cbfec7bb!8m2!3d37.950109!4d27.370894!16s%2Fg%2F1tsgz0gr!19sChIJX5DuXVBNuRQRu8f-y_Ga5R0?authuser=0&hl=tr&rclk=1
Şirince Artemis Restaurant ve Şarap evi,"Şirince, Şehit Yüksel Özülkü Caddesi Eski Okul Binası No:7, 35920 Selçuk/İzmir",Telefon Yok,No Email Found,https://www.google.com/url?q=http://www.artemisrestaurant.com/&opi=79508299&sa=U&ved=0ahUKEwjng_HCzIaMAxUsUMMIHYnPG4YQ61gIESgM&usg=AOvVaw0iTZz2anUnmm9R8HQ4sw41,https://www.google.com/maps/place/%C5%9Eirince+Artemis+Restaurant+ve+%C5%9Earap+evi/data=!4m7!3m6!1s0x14b94cbf8844d65b:0xa7e3cc4391bb6681!8m2!3d37.9441744!4d27.4326212!16s%2Fg%2F1hhk57dt4!19sChIJW9ZEiL9MuRQRgWa7kUPM46c?authuser=0&hl=tr&rclk=1
Dönerci ali efes döner,"Atatürk, 35920 Selçuk/İzmir",(0232) 892 18 84,No Website,N/A,https://www.google.com/maps/place/D%C3%B6nerci+ali+efes+d%C3%B6ner/data=!4m7!3m6!1s0x14b94d51ad049973:0xda69c3a665e69cd1!8m2!3d37.9487228!4d27.3709661!16s%2Fg%2F1vnnfpkm!19sChIJc5kErVFNuRQR0ZzmZabDado?authuser=0&hl=tr&rclk=1
01 ADANAM RESTAURANT,"Atatürk, Cengiz Topel Cd. No: 27/A, 35920 Selçuk/İzmir",0537 332 63 68,No Website,N/A,https://www.google.com/maps/place/01+ADANAM+RESTAURANT/data=!4m7!3m6!1s0x14b94d71fef663f3:0x65d488bc73cd9cdf!8m2!3d37.9505929!4d27.3705279!16s%2Fg%2F11fn78fg6d!19sChIJ82P2_nFNuRQR35zNc7yI1GU?authuser=0&hl=tr&rclk=1
Salkım Burgaz,"Gökçealan, Fatma Günhan Sk No:6/B No:6/B 1, 35920 Selçuk/İzmir",0532 797 98 81,No Website,N/A,https://www.google.com/maps/place/Salk%C4%B1m+Burgaz/data=!4m7!3m6!1s0x14beb14bd966e7f5:0x4f395e97246d99f2!8m2!3d37.8443406!4d27.389796!16s%2Fg%2F11gmcc8gvg!19sChIJ9edm2UuxvhQR8pltJJdeOU8?authuser=0&hl=tr&rclk=1
YUSUF ABİNİN YERİ BATTALBEY ÇİĞ KÖFTE,"Atatürk, Lienz Cd. no:11/A, 35720 Selçuk/İzmir",(0232) 892 13 73,No Website,N/A,https://www.google.com/maps/place/YUSUF+AB%C4%B0N%C4%B0N+YER%C4%B0+BATTALBEY+%C3%87%C4%B0%C4%9E+K%C3%96FTE/data=!4m7!3m6!1s0x14b94d896a254c55:0x69efa25a4bf21cc6!8m2!3d37.949698!4d27.370777!16s%2Fg%2F11h_f_z0x8!19sChIJVUwlaolNuRQRxhzyS1qi72k?authuser=0&hl=tr&rclk=1
Cessna BistroCafe,"Atatürk, Abuhayat Cd. No:32/B, 35920 Selçuk/İzmir",0541 415 85 75,No Website,N/A,https://www.google.com/maps/place/Cessna+BistroCafe/data=!4m7!3m6!1s0x14b94d51d19cc2af:0x8aed6944badaadd4!8m2!3d37.9480959!4d27.3728336!16s%2Fg%2F11c58s7qln!19sChIJr8Kc0VFNuRQR1K3aukRp7Yo?authuser=0&hl=tr&rclk=1
King Food,"Atatürk, Cengiz Topel Cd., 35920 Selçuk/İzmir",Telefon Yok,No Website,N/A,https://www.google.com/maps/place/King+Food/data=!4m7!3m6!1s0x14b94d506580fb55:0x6adfe81a28ea76a6!8m2!3d37.950575!4d27.3711962!16s%2Fg%2F11d_8dr06y!19sChIJVfuAZVBNuRQRpnbqKBro32o?authuser=0&hl=tr&rclk=1
Espere Çöp Şiş Izgara,"İsa Bey, Atatürk Cd., 35920 Selçuk/İzmir",Telefon Yok,No Website,N/A,https://www.google.com/maps/place/Espere+%C3%87%C3%B6p+%C5%9Ei%C5%9F+Izgara/data=!4m7!3m6!1s0x14b94d5b1c97d5b7:0x8b9679e351b8a973!8m2!3d37.954114!4d27.3712379!16s%2Fg%2F11b7q77tvf!19sChIJt9WXHFtNuRQRc6m4UeN5los?authuser=0&hl=tr&rclk=1
BÜLENT STEAK HOUSE,"isabey mahallesi, Atatürk Cd. no26, 35920 Selçuk/İzmir",0506 101 55 50,No Website,N/A,https://www.google.com/maps/place/B%C3%9CLENT+STEAK+HOUSE/data=!4m7!3m6!1s0x14b94daed145be35:0x9bc6f80753fee5e8!8m2!3d37.9467105!4d27.3675779!16s%2Fg%2F11w_knyl0c!19sChIJNb5F0a5NuRQR6OX-Uwf4xps?authuser=0&hl=tr&rclk=1
Tekirdağlı Hasan Usta Sulu Yemek,"İsa Bey, Atatürk Cd., 35920 Selçuk/İzmir",Telefon Yok,No Website,N/A,https://www.google.com/maps/place/Tekirda%C4%9Fl%C4%B1+Hasan+Usta+Sulu+Yemek/data=!4m7!3m6!1s0x14b94d5a8bb62547:0x5ddcaae55a6a3f05!8m2!3d37.9524821!4d27.3706463!16s%2Fg%2F11b7q2gnl8!19sChIJRyW2i1pNuRQRBT9qWuWq3F0?authuser=0&hl=tr&rclk=1
Kuşhane Türk Mutfağı,"Atatürk, 1005. Sk. No:16, 35920 Selçuk/İzmir",Telefon Yok,No Website,N/A,https://www.google.com/maps/place/Ku%C5%9Fhane+T%C3%BCrk+Mutfa%C4%9F%C4%B1/data=!4m7!3m6!1s0x14b94d5057ca549d:0x240c845f41745932!8m2!3d37.949492!4d27.3705419!16s%2Fg%2F1v3wh1z1!19sChIJnVTKV1BNuRQRMll0QV-EDCQ?authuser=0&hl=tr&rclk=1
Kalehan Hotel,"İsa Bey, Atatürk Cd. No:98, 35920 Selçuk/İzmir",0537 564 37 49,Error Accessing Site,https://www.google.com/url?q=http://www.kalehan.com/&opi=79508299&sa=U&ved=0ahUKEwjb6MTazIaMAxUdR_EDHaY6DA4Q61gIFCgQ&usg=AOvVaw3JscfchNl82bYQ2n5FoM2e,https://www.google.com/maps/place/Kalehan+Hotel/data=!4m7!3m6!1s0x14b94d5b12a40755:0xcb3fecba9a33180b!8m2!3d37.954775!4d27.371276!16s%2Fg%2F1typqn0p!19sChIJVQekEltNuRQRCxgzmrrsP8s?authuser=0&hl=tr&rclk=1
Mercan Restaurant,"Şirince, 35920 Selçuk/İzmir",(0232) 898 31 65,No Website,N/A,https://www.google.com/maps/place/Mercan+Restaurant/data=!4m7!3m6!1s0x14b94cc084bdb911:0xbf135584067c8ec1!8m2!3d37.9429167!4d27.431716!16s%2Fg%2F11fylkc67m!19sChIJEbm9hMBMuRQRwY58BoRVE78?authuser=0&hl=tr&rclk=1
MODUS KYBELE RESTAURANT,"Çamlık, Atatürk Cd. No:13, 35920 Selçuk/İzmir",0536 832 37 00,No Website,N/A,https://www.google.com/maps/place/MODUS+KYBELE+RESTAURANT/data=!4m7!3m6!1s0x14b94de6df2148bd:0x51078bd14dd159a1!8m2!3d37.952106!4d27.370427!16s%2Fg%2F11h4w14_nl!19sChIJvUgh3-ZNuRQRoVnRTdGLB1E?authuser=0&hl=tr&rclk=1
Chicken Paradise,"Atatürk, Siegburg Cd., 35920 Selçuk/İzmir",Telefon Yok,No Website,N/A,https://www.google.com/maps/place/Chicken+Paradise/data=!4m7!3m6!1s0x14b94d505fe788e3:0x3182d8d49673bf09!8m2!3d37.950228!4d27.3706067!16s%2Fg%2F11b7q81z_7!19sChIJ44jnX1BNuRQRCb9zltTYgjE?authuser=0&hl=tr&rclk=1
