İsim,Adres,Telefon,E-posta
Arzum Ev Yemekleri,Adres yok,Numara yok,E-posta yok
Hisar Restoran,Adres yok,(0262) 311 10 91,E-posta yok
Paşa İskender,Hükümet Caddesi,+90 262 642 99 99,E-posta yok
Serçeşme,Fevzi Çakmak Caddesi,Numara yok,E-posta yok
ÇİĞKÖFTECİ SAİT USTA,Adres yok,Numara yok,E-posta yok
ALTINOLUK PİDE,Adres yok,Numara yok,E-posta yok
Bursa Kebapçısı,Adres yok,Numara yok,E-posta yok
Kadirin Yeri,Barbaros Hayrettin Bulvarı,Numara yok,E-posta yok
Karadeniz Pidecisi,Adres yok,Numara yok,E-posta yok
Bilinmiyor,Adres yok,Numara yok,E-posta yok
Halil İbrahim Sofrası,Adres yok,Numara yok,E-posta yok
Doga ciftligi,Gebze - Kocaeli,+90 (262) 727 36 68,E-posta yok
Küçük Ev Restaurant ,Adres yok,Numara yok,E-posta yok
Hasan Usta,Adres yok,Numara yok,E-posta yok
Dağlar Pizza Pide,Adres yok,Numara yok,E-posta yok
Ceneviz Restoran,Adres yok,Numara yok,E-posta yok
Hd İskender,Adres yok,Numara yok,E-posta yok
Bilinmiyor,Adres yok,Numara yok,E-posta yok
Kumrucu Uğur,Adres yok,Numara yok,E-posta yok
Konya Lezzetleri,Adres yok,Numara yok,E-posta yok
Veysel Dayının Yeri,Adres yok,Numara yok,E-posta yok
Bilinmiyor,Adres yok,Numara yok,E-posta yok
Bilinmiyor,Adres yok,Numara yok,E-posta yok
Kokorec Adam,Adres yok,Numara yok,E-posta yok
Kartepe Manzara Restaurant,Kartepe Green Park yolu 7. Km  Kartepe - KOCAELI / TURKEY,+90-539-678 41 61,info@kartepemanzara.com
Maşukiye Kuzu Çevirme,Adres yok,0539 878 21 95,E-posta yok
midpoint,Adres yok,Numara yok,E-posta yok
Kiremit Mangalbaşı,Adres yok,Numara yok,E-posta yok
Esnaf Lokantası,Adres yok,Numara yok,E-posta yok
Bilinmiyor,Adres yok,Numara yok,E-posta yok
Nostalji Mantı,Adres yok,Numara yok,E-posta yok
Gaziantep Lokantası,Adres yok,Numara yok,E-posta yok
Uzunyayla Döner,Adres yok,Numara yok,E-posta yok
Polat Izgara,Adres yok,Numara yok,E-posta yok
Örnek lokantası,Adres yok,Numara yok,E-posta yok
Kanatcı Adana Sofrası,Adres yok,Numara yok,E-posta yok
Gözde Lokanta,Adres yok,Numara yok,E-posta yok
Karataş Lahmacun Pide,Adres yok,Numara yok,E-posta yok
Kadiroğlu Kebap ve Lahmacun Salonu,Adres yok,Numara yok,E-posta yok
Ateş Ev Yemekleri,Adres yok,Numara yok,E-posta yok
Kümes Tavuk,Adres yok,Numara yok,E-posta yok
Sahil Sofrası,Adres yok,Numara yok,E-posta yok
Sahil Restaurant,Adres yok,Numara yok,E-posta yok
Bilinmiyor,Adres yok,Numara yok,E-posta yok
mert döner,Adres yok,Numara yok,E-posta yok
karataş,Adres yok,Numara yok,E-posta yok
dostlar sofrası,Adres yok,Numara yok,E-posta yok
Bilinmiyor,Adres yok,Numara yok,E-posta yok
Neşetbey Et Lokantası,Adres yok,Numara yok,E-posta yok
Ali Ustanın Yeri,Ali Haydar Efendi Caddesi,Numara yok,E-posta yok
Ceneviz,Adres yok,Numara yok,E-posta yok
Kartepe Sukay Park,Adres yok,0262 375 20 20,E-posta yok
Bilinmiyor,Adres yok,Numara yok,E-posta yok
Bilinmiyor,Adres yok,Numara yok,E-posta yok
Mersin Tantuni,1112 Sokak,Numara yok,E-posta yok
Sait Çiğköfte,Yeni Bağdat Caddesi,Numara yok,E-posta yok
Bilinmiyor,Adres yok,Numara yok,E-posta yok
Bilinmiyor,Adres yok,Numara yok,E-posta yok
Erzurum Cağ Kebabı,Adres yok,Numara yok,E-posta yok
Yeşil Vadi,Adres yok,Numara yok,E-posta yok
Yasin İbiş Döner,Adres yok,Numara yok,E-posta yok
Candanya Çiftlik Et Mangal,Adres yok,Numara yok,E-posta yok
Bilinmiyor,Adres yok,Numara yok,E-posta yok
Çetin Usta Toplu Yemek Hizmetleri,Adres yok,Numara yok,E-posta yok
Adıyörem Çiğköfte,Adres yok,Numara yok,E-posta yok
Bizim Zurna Dürüm,Adres yok,+90 535 500 59 77,E-posta yok
Onur Yemek,Adres yok,Numara yok,E-posta yok
Ehlikeyf,Adres yok,Numara yok,E-posta yok
Yeşildağlar Et,Adres yok,(0262) 311 43 46,E-posta yok
SushiCo,Adres yok,444 7 874,E-posta yok
Zenka Baklava,Adres yok,(0262) 311 00 27,E-posta yok
Levent Börek Kocaeli,Adres yok,(0262) 502 43 99,E-posta yok
Zeugma Künefe İzmit,Adres yok,(0262) 311 77 66,E-posta yok
Tarhun Ocakbaşı,Adres yok,Numara yok,E-posta yok
Happymoon’s Cafe,Adres yok,(0262) 311 75 32,E-posta yok
Mehmet Et Ve Ciğer,Adres yok,0537 795 56 66,E-posta yok
Serpmeköy Trabzon Köy Kahvaltısı,Adres yok,(0262) 311 23 61,E-posta yok
Maçka İşkembe,Adres yok,(0262) 313 00 11,E-posta yok
Kare Restaurant,Adres yok,(0262) 335 50 80,E-posta yok
Tarif Cağ Kebap,Adres yok,0530 773 61 06,E-posta yok
Yağız Et & Kebap Pide Lahmacun İşkembe,Adres yok,(0262) 311 46 46,E-posta yok
Kocaeli Köfte Lahmacun ve Pide Salonu,Adres yok,(0262) 321 04 40,E-posta yok
Erim Çiğköfte & Börek Salonu,Adres yok,0535 432 01 94,E-posta yok
Anteplioğlu Hertat,Adres yok,Numara yok,E-posta yok
Ciğerci Bahattin Kocaeli,Adres yok,(0262) 325 41 33,E-posta yok
Kavuret Kebap Ciğer Salonu,Adres yok,(0262) 311 17 13,E-posta yok
tekbir lahmacun ve pide,Adres yok,(0262) 321 41 63,E-posta yok
BEYHAN KEBAP LAHMACUN PIDE KÖFTE,Adres yok,0549 533 27 27,E-posta yok
Nur Pastanesi,Adres yok,Numara yok,E-posta yok
Fatih Usta,Adres yok,Numara yok,E-posta yok
Çiğköfteci Sait,Adres yok,(0262) 324 62 15,E-posta yok
Paşa Et Izgara,Adres yok,(0262) 322 65 33,E-posta yok
"Özoğlu Pastanesi, mehmet ali paşa",Adres yok,(0262) 322 64 46,E-posta yok
Karadeniz Pide Salonu,Adres yok,Numara yok,E-posta yok
Kısmet Lahmacun Salonu,Adres yok,Numara yok,E-posta yok
HERTAT TATLI PASTA KURUYEMİŞ,Adres yok,Numara yok,E-posta yok
ÇİĞKÖFTECİ SAİT USTA,Adres yok,0552 652 71 41,E-posta yok
Yenigün Lokantası,Adres yok,(0262) 325 54 53,E-posta yok
Yilmaz Kebap,Adres yok,Numara yok,E-posta yok
Tarihi İzmit Börekçisi,Adres yok,Numara yok,E-posta yok
Albeni Lokantası,Adres yok,Numara yok,E-posta yok
Cadde Katık Döner,Adres yok,Numara yok,E-posta yok
Bursa Kent İskender,Adres yok,Numara yok,E-posta yok
Barakaa Cafe,Adres yok,Numara yok,E-posta yok
İstanbul Çiğköfte 41,Örcün Yolu Cad.,+90 506 158 2438,E-posta yok
Balıkçı Müco,Bağdat Caddesi,(0262) 373 41 72,E-posta yok
Nisa Pide&Lahmacun,Adres yok,0542 102 00 41,E-posta yok
Çorba Keyfi,Adres yok,Numara yok,E-posta yok
İnci Balık,Kural Sokak,+905416199798,E-posta yok
Hataylı Nihat Usta,Adres yok,0262 319 33 19,E-posta yok
Yakamoz Tantuni,Adres yok,Numara yok,E-posta yok
Tatlıses Çiğköfte,Adres yok,Numara yok,E-posta yok
Komagene,Adres yok,Numara yok,E-posta yok
Nus-Et Katık,Adres yok,Numara yok,E-posta yok
Çeto Kebap,Adres yok,Numara yok,E-posta yok
Yöre Kebap,Adres yok,Numara yok,E-posta yok
Coffee Chefs,Adres yok,Numara yok,E-posta yok
Köfteci Nurettin,Adres yok,Numara yok,E-posta yok
Özay ASPAVA,Adres yok,Numara yok,E-posta yok
Ocakbaşı Meymenet,Adres yok,Numara yok,E-posta yok
Göçmen Börekçisi,Adres yok,Numara yok,E-posta yok
Gazibey Baklava & Börek,Adres yok,Numara yok,E-posta yok
Köfteci Yusuf,Adres yok,Numara yok,E-posta yok
Köfteci Yusuf,Adres yok,Numara yok,E-posta yok
Lezzet Durağı,Adres yok,Numara yok,E-posta yok
Konyalı Lezzet Ustası,Adres yok,Numara yok,E-posta yok
Şahane,Adres yok,Numara yok,E-posta yok
Çoban Kokoreç Köfte,Adres yok,Numara yok,E-posta yok
Banabi Kebap,Adres yok,Numara yok,E-posta yok
MEG Yemek,Adres yok,Numara yok,E-posta yok
Bageni Restoran,Adres yok,Numara yok,E-posta yok
Akmeşe Izgara,Adres yok,Numara yok,E-posta yok
Halil Usta'nın Yeri,Adres yok,Numara yok,E-posta yok
Pak-Et Mersin Tantuni,Adres yok,Numara yok,E-posta yok
Neşem Izgara Salonu,Adres yok,Numara yok,E-posta yok
MutluEt,Adres yok,Numara yok,E-posta yok
Mis Kahvaltı,Adres yok,Numara yok,E-posta yok
Saklı Bahçe,Adres yok,Numara yok,E-posta yok
Mekan 41 Büfe ve Ev Yemekleri,Adres yok,0545 217 41 53,E-posta yok
Arifoğlu Gaziantep Baklavacısı,Adres yok,Numara yok,E-posta yok
Özpaşa Sofrası,Adres yok,Numara yok,E-posta yok
Sarıyer Börek,Adres yok,Numara yok,E-posta yok
Er&Bil Unlu Mamülleri,Adres yok,Numara yok,E-posta yok
Kışla Ciğer Kebap Salonu,Adres yok,Numara yok,E-posta yok
Konyalı Etli Ekmek & Fırın Kebap,Adres yok,0262 331 28 01,E-posta yok
Köfteci Yücel,Adres yok,Numara yok,E-posta yok
Şeker Börek,Adres yok,Numara yok,E-posta yok
Saray Börekçisi,Adres yok,Numara yok,E-posta yok
Köfteci Cömert,Adres yok,Numara yok,E-posta yok
Tarihi Fethi Baba Lokantası,Adres yok,Numara yok,E-posta yok
Beytül Kebap,Adres yok,Numara yok,E-posta yok
Tunalı Sulu Yemek,Adres yok,Numara yok,E-posta yok
Seçkin İşkembe,Adres yok,Numara yok,E-posta yok
Mahmut Usta,Adres yok,Numara yok,E-posta yok
Masala Kebap,Adres yok,Numara yok,E-posta yok
Bilinmiyor,Adres yok,Numara yok,E-posta yok
Lezzet Börek ve Pide Salonu,Adres yok,Numara yok,E-posta yok
Meşhur Kavurmacı,Adres yok,Numara yok,E-posta yok
Boşnak Börekçi,Adres yok,Numara yok,E-posta yok
Asya Restaurant,Adres yok,Numara yok,E-posta yok
Gönül Sofrası,İstanbul Caddesi,Numara yok,E-posta yok
Zakirbey Cağ Kebap,İstanbul Caddesi,Numara yok,E-posta yok
Asel'in Mutfağı,629/1 Sk.,Numara yok,E-posta yok
Sofram Pide Bank,Adres yok,Numara yok,E-posta yok
Pizzaland Cafe & Restaurant,Adres yok,Numara yok,E-posta yok
Göçmen Börekçisi,Adres yok,Numara yok,E-posta yok
Başoğlu Kebap,Adres yok,0262 319 04 40,E-posta yok
Arırang Restaurant,Adres yok,0262 319 49 49,E-posta yok
Karadeniz Pide Salonu,Adres yok,0262 331 58 69,E-posta yok
Bilinmiyor,Adres yok,Numara yok,E-posta yok
Sokak Pilavcısı,Adres yok,Numara yok,E-posta yok
Sarıyer Börek,Adres yok,0262 331 20 16,E-posta yok
Daichi Sushi,Adres yok,Numara yok,E-posta yok
Boşnak Börekçi,Adres yok,Numara yok,E-posta yok
Has Köfte,Adres yok,Numara yok,E-posta yok
Esin Kebap & Lahmacun,Adres yok,0262 322 39 17,E-posta yok
Serde Börek,Adres yok,Numara yok,E-posta yok
Dayı'nın Yeri,Adres yok,Numara yok,E-posta yok
Tatlıses Lahmacun,Adres yok,Numara yok,E-posta yok
Özler Et,Adres yok,Numara yok,E-posta yok
Özer Lahmacun & Pide Salonu,Adres yok,Numara yok,E-posta yok
Özpolatlar,Adres yok,Numara yok,E-posta yok
Aktem Yemek Salonu,Adres yok,Numara yok,E-posta yok
Bizim Lokanta,Adres yok,Numara yok,E-posta yok
Doğalhane,Adres yok,Numara yok,E-posta yok
Bilinmiyor,Adres yok,Numara yok,E-posta yok
Ciğerci Bulut,Mutlukent Bulvarı,Numara yok,E-posta yok
Safahat Lokantası,Adres yok,Numara yok,E-posta yok
İkizler Pide & Lahmacun,Adres yok,0 535 736 08 64,E-posta yok
Palmiye Ev Yemekleri,Adres yok,Numara yok,E-posta yok
Köfteci Adam,Adres yok,Numara yok,E-posta yok
Ustam Pide & Lahmacun,Adres yok,Numara yok,E-posta yok
Ali Baba İskender,Adres yok,Numara yok,E-posta yok
Karadeniz Pide,Adres yok,Numara yok,E-posta yok
Mehmet Usta,Adres yok,Numara yok,E-posta yok
Kısmetim,Adres yok,Numara yok,E-posta yok
Kordonboyu,Adres yok,Numara yok,E-posta yok
Bursa Kebap Evi,735. Sokak,+90 262 754 8116,info@bursakebapevi.com
Tavuk Dünyası,735. Sokak,444 88 50,E-posta yok
Günaydın,735. Sokak,+90 262 754 0511,info@gunaydinet.com
Kitchenette,735. Sokak,Numara yok,E-posta yok
Kapadokya Pide & Lahmacun,Adres yok,Numara yok,E-posta yok
Bilinmiyor,Adres yok,Numara yok,E-posta yok
Aslar Kebap,Adres yok,Numara yok,E-posta yok
Sofram Pide Bank,Adres yok,Numara yok,E-posta yok
İşgal Kebap,Adres yok,Numara yok,E-posta yok
Kaptan Kebap,Adres yok,Numara yok,E-posta yok
Ciğerci,Adres yok,0262 311 22 44,E-posta yok
Fava,Adres yok,Numara yok,E-posta yok
Namık Usta,Adres yok,Numara yok,E-posta yok
Izgara Izgara,Adres yok,Numara yok,E-posta yok
Tavuk Dünyası,Adres yok,Numara yok,E-posta yok
Pizzaköy,Adres yok,Numara yok,E-posta yok
Antep Kale Kebap & Pide,Adres yok,Numara yok,E-posta yok
Cilve Yeni Nesil Meyhane,Adres yok,Numara yok,E-posta yok
Çiğköfteci Said,Adres yok,Numara yok,E-posta yok
Karaca Lokantası,Adres yok,0501 007 60 41,E-posta yok
Hacıbey Restorant,Hükümet Caddesi,Numara yok,E-posta yok
Hacıbey Tatlıcı,Hükümet Caddesi,Numara yok,E-posta yok
Yayla Alabalık Maşukiye,Adres yok,0 262 354 26 58,bilgi@yaylaalabalikmasukiye.com
Maşukiye Irmak Alabalık,Adres yok,0534 744 50 98,E-posta yok
Osmanlı Restoran,Adres yok,0262 354 36 35,E-posta yok
İbrahim Usta Lokantası,Adres yok,Numara yok,E-posta yok
Köfteci Yusuf,Adres yok,Numara yok,E-posta yok
Çorbam,Adres yok,Numara yok,E-posta yok
Efe Lokantası,Adres yok,0262 331 20 66,E-posta yok
Diego Pizza,Adres yok,Numara yok,E-posta yok
Pidem,Adres yok,Numara yok,E-posta yok
Dostlar Sofrası 1986,Adres yok,Numara yok,E-posta yok
LokmaBox,Adres yok,Numara yok,E-posta yok
Kervan,Adres yok,Numara yok,E-posta yok
Avcının Yeri,Adres yok,Numara yok,E-posta yok
Midyeci Yasin,Adres yok,Numara yok,E-posta yok
Yurdagül Kızarmış Piliç & Közde Kanat,Sapanca Yolu Caddesi,Numara yok,E-posta yok
Mutlu Ayşe Gözleme Evi,Kargalı Köyü İç Yolu,Numara yok,E-posta yok
Canyiğit Kebap & Pide,kömürcüoğlu caddesi,+90 537 659 45 13,E-posta yok
Hacıaskerin Sofrası,Fevzi Çakmak Caddesi,+90 262 658 8086,E-posta yok
Pide 44,Adres yok,+90 543 914 33 45,E-posta yok
Öz Namlı Bey,Adres yok,Numara yok,E-posta yok
Ünal Babanın Yeri,Adres yok,Numara yok,E-posta yok
Kızılkaya Restorant,Adres yok,Numara yok,E-posta yok
Kızılkaya Restorant,Adres yok,Numara yok,E-posta yok
41 Katık Dürüm,Adres yok,Numara yok,E-posta yok
Küneffechi,Adres yok,Numara yok,E-posta yok
Mavi İskender & Kebap,Adres yok,Numara yok,E-posta yok
Bekirdere Köftecisi,Adres yok,Numara yok,E-posta yok
Karadeniz Pide,Adres yok,Numara yok,E-posta yok
Derince Islama Köfteci,Adres yok,Numara yok,E-posta yok
Adalı Köfteci,Adres yok,Numara yok,E-posta yok
Lakehouse / Gölevi,Adres yok,Numara yok,E-posta yok
Hamada Künefe,Adres yok,Numara yok,E-posta yok
Köfteci Veli,Adres yok,Numara yok,E-posta yok
@Pilav,Adres yok,Numara yok,E-posta yok
Damak Restoran,Adres yok,Numara yok,E-posta yok
Lokanta Can Can,Adres yok,Numara yok,E-posta yok
Derince Belediyesi Kent Lokantası,Denizciler Caddesi,Numara yok,E-posta yok
Duha Restaurant,Adres yok,Numara yok,E-posta yok
Kavurmacı Çağrı,Adres yok,Numara yok,E-posta yok
Bowl Pizza & Makarna,Adres yok,Numara yok,E-posta yok
Kebapçı Ali,Adres yok,Numara yok,E-posta yok
Snoopy Pizza,Adres yok,Numara yok,E-posta yok
Çınar Lokantası,Adres yok,Numara yok,E-posta yok
Esnaf Lokantası,Adres yok,0542 819 41 61,E-posta yok
Gözde Lahmacun,Adres yok,Numara yok,E-posta yok
Paçacı Zihni,Adres yok,Numara yok,E-posta yok
Bi Porsiyon,Adres yok,Numara yok,E-posta yok
Meşhur Köfteci,Adres yok,Numara yok,E-posta yok
Nuh Lokantası,Adres yok,Numara yok,E-posta yok
Hereke Dönercisi,Adres yok,Numara yok,E-posta yok
Cadde Katık,Adres yok,Numara yok,E-posta yok
Nefis Ev Yemekleri,Adres yok,Numara yok,E-posta yok
Kale Dönercisi,Adres yok,Numara yok,E-posta yok
Soğuk Su Restorant,Adres yok,Numara yok,E-posta yok
Susam Börek,Yeni Bağdat Caddesi,Numara yok,E-posta yok
Likarba,Adres yok,Numara yok,E-posta yok
Likarba,Adres yok,Numara yok,E-posta yok
Foşa Garden Metin Garden,Adres yok,Numara yok,E-posta yok
Köfteci Yusuf,Adres yok,Numara yok,E-posta yok
URFA Yörem Baklavaları,Adres yok,Numara yok,E-posta yok
Mostar işkembe,Adres yok,Numara yok,E-posta yok
Bilinmiyor,Adres yok,Numara yok,E-posta yok
Bilinmiyor,Adres yok,Numara yok,E-posta yok
değirmen,Adres yok,Numara yok,E-posta yok
okul kantini,Adres yok,Numara yok,E-posta yok
beybaba,Adres yok,+90 262 655 54 54,E-posta yok
köprübaşı,Adres yok,Numara yok,E-posta yok
metin usta,Adres yok,Numara yok,E-posta yok
Bilinmiyor,Adres yok,Numara yok,E-posta yok
Bilinmiyor,Adres yok,Numara yok,E-posta yok
Bilinmiyor,Adres yok,Numara yok,E-posta yok
Bilinmiyor,Adres yok,Numara yok,E-posta yok
Bilinmiyor,Adres yok,Numara yok,E-posta yok
Bilinmiyor,Adres yok,Numara yok,E-posta yok
Bilinmiyor,Adres yok,Numara yok,E-posta yok
Bilinmiyor,Adres yok,Numara yok,E-posta yok
Bilinmiyor,Adres yok,Numara yok,E-posta yok
Maide,Adres yok,Numara yok,E-posta yok
Bilinmiyor,Adres yok,Numara yok,E-posta yok
Bilinmiyor,Adres yok,Numara yok,E-posta yok
Bilinmiyor,Adres yok,Numara yok,E-posta yok
Bilinmiyor,Adres yok,Numara yok,E-posta yok
Bilinmiyor,Adres yok,Numara yok,E-posta yok
Bilinmiyor,Adres yok,Numara yok,E-posta yok
Bilinmiyor,Adres yok,Numara yok,E-posta yok
Bilinmiyor,Adres yok,Numara yok,E-posta yok
Bilinmiyor,Adres yok,Numara yok,E-posta yok
Bilinmiyor,Adres yok,Numara yok,E-posta yok
Bilinmiyor,Adres yok,Numara yok,E-posta yok
Bilinmiyor,Adres yok,Numara yok,E-posta yok
Bilinmiyor,Adres yok,Numara yok,E-posta yok
Kelebek Cafe ve Restaurant,Adres yok,Numara yok,E-posta yok
Bedo Kebap,Adres yok,Numara yok,E-posta yok
Bilinmiyor,Adres yok,Numara yok,E-posta yok
Köfteci Yusuf,Adres yok,Numara yok,E-posta yok
Naim Usta Restaurant,Adres yok,Numara yok,E-posta yok
Kokoreç Office,Adres yok,Numara yok,E-posta yok
MiniKöşk,Adres yok,Numara yok,E-posta yok
Refiye Restoran,Adres yok,Numara yok,E-posta yok
Köseoğlu Pide,Adres yok,Numara yok,E-posta yok
Özler Lezzet Pazarı,Adres yok,0 262 323 75 75,info@ozleret.com
İzmit Yelken Kulübü,Adres yok,Numara yok,E-posta yok
Balıkçı Selim,Adres yok,Numara yok,E-posta yok
Serender Park Restaurant & Kır Düğün Bahçesi,Adres yok,0262 352 35 30,E-posta yok
Başol Et Kasap,Adres yok,Numara yok,E-posta yok
Doğapark,Adres yok,Numara yok,E-posta yok
Bilinmiyor,Adres yok,Numara yok,E-posta yok
Antik Köfte Restaurant,Adres yok,Numara yok,E-posta yok
Sümela Pide,Adres yok,Numara yok,E-posta yok
Çorba Aşina,Adres yok,Numara yok,E-posta yok
Bilinmiyor,Adres yok,Numara yok,E-posta yok
antik köfte,Adres yok,Numara yok,E-posta yok
Tarihi Adana Kebapçısı,Mutlukent Bulvarı,+90 262 721 02 95,E-posta yok
Yelken Restoran & Cafe,Rıhtım Caddesi,Numara yok,E-posta yok
Bostan Kardeşler,Adres yok,0 262 333 15 55,E-posta yok
Taka Taka,Adres yok,Numara yok,E-posta yok
Cevizdibi Yıldız Restaurant,Adres yok,0 262 354 20 24,E-posta yok
Taşhan Cafe Restaurant,Adres yok,0262 333 22 22,E-posta yok
KISMETİM,Denizciler Caddesi,(0262) 223 21 96,E-posta yok
Körfez Belediyesi Nazende Cafe & Restorant,Adres yok,Numara yok,E-posta yok
Güzide,Adres yok,Numara yok,E-posta yok
Beşdivan Tesisleri,Adres yok,Numara yok,E-posta yok
Bilinmiyor,Adres yok,Numara yok,E-posta yok
Bilinmiyor,Adres yok,Numara yok,E-posta yok
Bilinmiyor,Adres yok,Numara yok,E-posta yok
Bilinmiyor,Adres yok,Numara yok,E-posta yok
Bilinmiyor,Adres yok,Numara yok,E-posta yok
Bilinmiyor,Adres yok,Numara yok,E-posta yok
Bal Marina Cafe & Restaurant,Adres yok,Numara yok,E-posta yok
Timata Cafe,Adres yok,Numara yok,E-posta yok
Joyy Cafe & Restaurant,Adres yok,Numara yok,E-posta yok
Timata Cafe,Adres yok,Numara yok,E-posta yok
Bilinmiyor,Adres yok,Numara yok,E-posta yok
Pizza Piece,Adres yok,Numara yok,E-posta yok
